[
{
    "model": "sessions.session",
    "pk": "4e9dk4we51cjgteosk5x46km841slytt",
    "fields": {
        "session_data": ".eJxVjDsOwyAQRO9CHSHztUmZ3mdAC8sGJxFIxq6i3D1YcpF083kzb-Zh37LfW1r9guzKBLv8ZgHiM5WjwAeUe-Wxlm1dAj8QfraNzxXT63ayfwcZWu5rp5WAcbDOACkaUSYxkSbbnY4GhwAgQSoryKGx0eIkg-2ig5RUkuzzBeW3OGM:1wUdAh:iR7qMLin-4mHrXVlO1KqWE8UbIhFwgTaiXSpMCoqAIA",
        "expire_date": "2026-06-17T04:25:39.088Z"
    }
},
{
    "model": "sessions.session",
    "pk": "g74mndf017c07hzs27ox5lzgrebu8rms",
    "fields": {
        "session_data": ".eJxVjDsOwyAQRO9CHSHztUmZ3mdAC8sGJxFIxq6i3D1YcpF083kzb-Zh37LfW1r9guzKBLv8ZgHiM5WjwAeUe-Wxlm1dAj8QfraNzxXT63ayfwcZWu5rp5WAcbDOACkaUSYxkSbbnY4GhwAgQSoryKGx0eIkg-2ig5RUkuzzBeW3OGM:1wSck3:GKXUszbEW0xYfmfRAuPp1PtVlK4Os9h92L8Ue4DFt2A",
        "expire_date": "2026-06-11T15:33:51.357Z"
    }
},
{
    "model": "sessions.session",
    "pk": "kdjk4izvjpioyezbdtp3m17ntju0tihg",
    "fields": {
        "session_data": ".eJxVjDsOwyAQRO9CHSHztUmZ3mdAC8sGJxFIxq6i3D1YcpF083kzb-Zh37LfW1r9guzKBLv8ZgHiM5WjwAeUe-Wxlm1dAj8QfraNzxXT63ayfwcZWu5rp5WAcbDOACkaUSYxkSbbnY4GhwAgQSoryKGx0eIkg-2ig5RUkuzzBeW3OGM:1wVBk6:Q0fC2bsN0bRdiromWOplNt1WrRA8gH2lJ7-uBHmtu_I",
        "expire_date": "2026-06-18T17:20:30.521Z"
    }
},
{
    "model": "users.user",
    "fields": {
        "password": "pbkdf2_sha256$1200000$lB8hxQlfGGCi89BkRYYVL6$ciPzQDTAvr+WCaKNcKCGZNgYEbUSmhToKHWLkuw5/hc=",
        "last_login": "2026-06-04T17:20:30.513Z",
        "is_superuser": true,
        "username": "super",
        "first_name": "sa",
        "last_name": "sad",
        "email": "",
        "is_staff": true,
        "is_active": true,
        "date_joined": "2026-05-28T15:33:21.598Z",
        "patronymic": "",
        "phone": "+996555444333",
        "birth_date": null,
        "address": "",
        "groups": [],
        "user_permissions": []
    }
},
{
    "model": "users.user",
    "fields": {
        "password": "pbkdf2_sha256$1200000$XJsxNqxL894qBr2KQUXGNY$2KNbvaMaI3LQiGKmExsG2Zka1rwHZZX4CqXfRES0V1s=",
        "last_login": null,
        "is_superuser": false,
        "username": "996555667755",
        "first_name": "werwqwr",
        "last_name": "qerw",
        "email": "",
        "is_staff": false,
        "is_active": true,
        "date_joined": "2026-05-29T10:35:25.201Z",
        "patronymic": null,
        "phone": "+996555667755",
        "birth_date": null,
        "address": "",
        "groups": [],
        "user_permissions": []
    }
},
{
    "model": "users.user",
    "fields": {
        "password": "pbkdf2_sha256$1200000$ScGsEbsOWFRG1yvF4eCs6N$plsVJtIFPLXSiVU2bVYuYM1MlmuRfMq4G3tXKa5LC9c=",
        "last_login": null,
        "is_superuser": false,
        "username": "996555123445",
        "first_name": "man",
        "last_name": "user",
        "email": "",
        "is_staff": false,
        "is_active": true,
        "date_joined": "2026-05-29T11:46:57.235Z",
        "patronymic": null,
        "phone": "+996555123445",
        "birth_date": null,
        "address": "",
        "groups": [],
        "user_permissions": []
    }
},
{
    "model": "users.user",
    "fields": {
        "password": "pbkdf2_sha256$1200000$2oUD4mAQjRF0u13O5Ia7EP$yoFSQhREagSaLjWtccqRFBrLfnm0iB8Vl5WDkJC/7rY=",
        "last_login": null,
        "is_superuser": false,
        "username": "996555555555",
        "first_name": "emir",
        "last_name": "da",
        "email": "",
        "is_staff": false,
        "is_active": true,
        "date_joined": "2026-05-29T12:05:09.755Z",
        "patronymic": null,
        "phone": "+996555555555",
        "birth_date": null,
        "address": "",
        "groups": [],
        "user_permissions": []
    }
},
{
    "model": "users.user",
    "fields": {
        "password": "pbkdf2_sha256$1200000$kUH8DBwL4u4lqBhzqTjMZU$dWL+o4W6mzUv9x76ENhYKHN37Wv06ae3kOVLjMtbpmQ=",
        "last_login": null,
        "is_superuser": false,
        "username": "996999987654",
        "first_name": "da",
        "last_name": "dsd",
        "email": "dd@mail.ru",
        "is_staff": false,
        "is_active": true,
        "date_joined": "2026-05-29T13:06:12.466Z",
        "patronymic": null,
        "phone": "+996 999987654",
        "birth_date": null,
        "address": "",
        "groups": [],
        "user_permissions": []
    }
},
{
    "model": "users.user",
    "fields": {
        "password": "pbkdf2_sha256$1200000$JxMHOWIC82UEPCWWZKRi3t$6qtygwe66Io9jUBPP/RUyv3/uhjPbcFrGXJtxZD0iPI=",
        "last_login": null,
        "is_superuser": false,
        "username": "996555456789",
        "first_name": "da",
        "last_name": "XASX",
        "email": "sa@mail.ru",
        "is_staff": false,
        "is_active": true,
        "date_joined": "2026-05-29T13:49:43.272Z",
        "patronymic": null,
        "phone": "+996 555456789",
        "birth_date": null,
        "address": "",
        "groups": [],
        "user_permissions": []
    }
},
{
    "model": "users.user",
    "fields": {
        "password": "pbkdf2_sha256$1200000$tgx3XgXadolKXX4ctgOUGB$4oNCcvi4aQ+aGfgAZMSFvp9A1O1n1DnPdS7vrEXpV94=",
        "last_login": null,
        "is_superuser": false,
        "username": "996702348766",
        "first_name": "qw",
        "last_name": "er",
        "email": "qw@mail.ru",
        "is_staff": false,
        "is_active": true,
        "date_joined": "2026-05-29T14:05:31.551Z",
        "patronymic": null,
        "phone": "+996 702348766",
        "birth_date": null,
        "address": "",
        "groups": [],
        "user_permissions": []
    }
},
{
    "model": "users.user",
    "fields": {
        "password": "pbkdf2_sha256$1200000$WYcIcdtzVZ1VSfXPTBNpp9$6a4XRTfFqD3ak1wv65sNFtN7Nv0sK4GH6E4fiyHvUn0=",
        "last_login": null,
        "is_superuser": false,
        "username": "996552567890",
        "first_name": "new",
        "last_name": "user",
        "email": "a@mail.ru",
        "is_staff": false,
        "is_active": true,
        "date_joined": "2026-05-29T14:16:21.763Z",
        "patronymic": null,
        "phone": "+996 999999999",
        "birth_date": null,
        "address": "",
        "groups": [],
        "user_permissions": []
    }
},
{
    "model": "users.user",
    "fields": {
        "password": "pbkdf2_sha256$1200000$fJkUZppGrnUvnM4j6Anc2F$6ZNktwmh+PpsveZUsWDPVWPuVrYGz/NlpKtixZcu5Yw=",
        "last_login": null,
        "is_superuser": false,
        "username": "996999999999",
        "first_name": "new",
        "last_name": "man",
        "email": "new@mail.ru",
        "is_staff": false,
        "is_active": true,
        "date_joined": "2026-05-29T16:38:50.283Z",
        "patronymic": null,
        "phone": "+996 999999999",
        "birth_date": null,
        "address": "",
        "groups": [],
        "user_permissions": []
    }
},
{
    "model": "shop.category",
    "pk": 1,
    "fields": {
        "title": "Книги",
        "slug": "books",
        "parent": null
    }
},
{
    "model": "shop.category",
    "pk": 2,
    "fields": {
        "title": "Плакаты Огулова А.Т.",
        "slug": "posters",
        "parent": null
    }
},
{
    "model": "shop.category",
    "pk": 3,
    "fields": {
        "title": "Микросферы",
        "slug": "microsphers",
        "parent": null
    }
},
{
    "model": "shop.category",
    "pk": 4,
    "fields": {
        "title": "Устройство очистки ПВВК",
        "slug": "pvvk",
        "parent": null
    }
},
{
    "model": "shop.category",
    "pk": 5,
    "fields": {
        "title": "Скребки/Массажеры",
        "slug": "scrabs",
        "parent": null
    }
},
{
    "model": "shop.category",
    "pk": 6,
    "fields": {
        "title": "Банки",
        "slug": "banks",
        "parent": null
    }
},
{
    "model": "shop.category",
    "pk": 7,
    "fields": {
        "title": "Остальные категории",
        "slug": "others",
        "parent": null
    }
},
{
    "model": "shop.category",
    "pk": 8,
    "fields": {
        "title": "Пищевые добавки/БАД",
        "slug": "bady",
        "parent": null
    }
},
{
    "model": "shop.category",
    "pk": 9,
    "fields": {
        "title": "Фульво-гуминовые комплексы",
        "slug": "bady-fulvo",
        "parent": 8
    }
},
{
    "model": "shop.category",
    "pk": 10,
    "fields": {
        "title": "Мужское и женское здоровье",
        "slug": "bady-health",
        "parent": 8
    }
},
{
    "model": "shop.category",
    "pk": 11,
    "fields": {
        "title": "VITAUCT",
        "slug": "bady-vitauct",
        "parent": 8
    }
},
{
    "model": "shop.category",
    "pk": 12,
    "fields": {
        "title": "Сила пчелы",
        "slug": "bady-bee-power",
        "parent": 8
    }
},
{
    "model": "shop.category",
    "pk": 13,
    "fields": {
        "title": "Травы и мёд",
        "slug": "bady-herb-honey",
        "parent": 8
    }
},
{
    "model": "shop.category",
    "pk": 14,
    "fields": {
        "title": "Чай",
        "slug": "bady-tea",
        "parent": 8
    }
},
{
    "model": "shop.product",
    "pk": 1,
    "fields": {
        "slug_id": "pvvk",
        "category": 4,
        "title": "Бутылка-термос ПВВК (Арт. 2077)",
        "price": "4200",
        "old_price": null,
        "image": "product/pvvk_zvSYalg.jpeg",
        "in_stock": true,
        "label": "Хит",
        "description": "Фирменная бутылка-термос ПВВК из высококачественной медицинской нержавеющей пищевой стали марки 18/8. Электрополированные внутренние стенки обеспечивают идеальную гигиеничность и сохраняют структуру очищенной воды.",
        "specs": "Артикул: 2077; Объем: 700 мл (27oz); Вес: 200 г; Размеры: 245x73 мм; Диаметр горлышка: 4.4 см; Материал: медицинская сталь 18/8",
        "is_hit": true,
        "is_recommend": true,
        "is_new": true,
        "created_at": "2026-05-28T16:22:16.510Z"
    }
},
{
    "model": "shop.product",
    "pk": 2,
    "fields": {
        "slug_id": "microsphers",
        "category": 3,
        "title": "Подушка для структурирования с наполнителем из микросфер (Арт. 2155)",
        "price": "6500",
        "old_price": null,
        "image": "product/podyshkas.png",
        "in_stock": true,
        "label": null,
        "description": "Наполнитель из микросфер натриевоборосиликатного стекла (15 микрон) и аморфного диоксида кремния. Возвращает тепловые волны, обеспечивая глубокую релаксацию.",
        "specs": "Артикул: 2155; Наполнитель: микросферы натриевоборосиликатного стекла и аморфного диоксида кремния; Размер сферы: 15 микрон",
        "is_hit": false,
        "is_recommend": false,
        "is_new": false,
        "created_at": "2026-05-28T16:24:40.830Z"
    }
},
{
    "model": "shop.product",
    "pk": 3,
    "fields": {
        "slug_id": "tea",
        "category": 14,
        "title": "Тысячелистник трава, 50 г (Арт. 1540)",
        "price": "400",
        "old_price": "500",
        "image": "product/tea.jpg",
        "in_stock": true,
        "label": "Скидка",
        "description": "Натуральное фитосырье высокого качества. Обладает выраженным антибактериальным, противовоспалительным и желчегонным эффектом. Стимулирует работу органов пищеварения и подготавливает ЖКТ к мануальным практикам.',",
        "specs": "Артикул: 1540; Вес: 50 г; Форма выпуска: Высушенная измельченная трава",
        "is_hit": false,
        "is_recommend": false,
        "is_new": false,
        "created_at": "2026-05-28T16:27:09.696Z"
    }
},
{
    "model": "shop.product",
    "pk": 4,
    "fields": {
        "slug_id": "posters",
        "category": 2,
        "title": "Плакат 3 в 1",
        "price": "3100",
        "old_price": null,
        "image": "product/plakat_trZJ7qM.jpg",
        "in_stock": true,
        "label": "Хит",
        "description": "Информационный наглядный плакат формата А3, отображающий ключевые проекционные зоны и схемы взаимодействия внутренних органов на теле человека.",
        "specs": "Формат: А3; Материал: Плотная ламинация; Тип: Настенный'",
        "is_hit": true,
        "is_recommend": false,
        "is_new": false,
        "created_at": "2026-05-28T16:29:28.421Z"
    }
},
{
    "model": "shop.product",
    "pk": 5,
    "fields": {
        "slug_id": "others",
        "category": 7,
        "title": "Пластырь \"Витон\"",
        "price": "550",
        "old_price": "649.99",
        "image": "product/plastr.jpg",
        "in_stock": true,
        "label": "Скидка",
        "description": "Оздоровительный био-пластырь на основе экстрактов целебных трав. Снимает локальные болевые ощущения в суставах.",
        "specs": "В комплекте: 8 шт; Время действия: до 12 часов; Состав: растительный",
        "is_hit": false,
        "is_recommend": true,
        "is_new": false,
        "created_at": "2026-05-28T16:31:37.579Z"
    }
},
{
    "model": "shop.productimage",
    "pk": 1,
    "fields": {
        "product": 1,
        "image": "product/gallery/pvvk2_TeP1Uf6.jpeg"
    }
},
{
    "model": "shop.productimage",
    "pk": 2,
    "fields": {
        "product": 1,
        "image": "product/gallery/pvvk3_taJGTrK.jpeg"
    }
},
{
    "model": "shop.productimage",
    "pk": 3,
    "fields": {
        "product": 2,
        "image": "product/gallery/podyshka2.jpg"
    }
},
{
    "model": "shop.productimage",
    "pk": 4,
    "fields": {
        "product": 4,
        "image": "product/gallery/plakat_2_YSzOzv5.jpg"
    }
},
{
    "model": "shop.order",
    "pk": 1,
    "fields": {
        "user": null,
        "name": "sd",
        "phone": "+996555674456",
        "status": "new",
        "address": "[Доставка (BISHKEK)] Адрес: sdf32. Доставка: 200 KGS. Итого: 3300 KGS. Комментарий: asdad",
        "created_at": "2026-05-28T19:20:14.008Z"
    }
},
{
    "model": "shop.order",
    "pk": 2,
    "fields": {
        "user": null,
        "name": "ssd",
        "phone": "+996324667788",
        "status": "new",
        "address": "[Самовывоз] Адрес: Быстрый заказ в 1 клик. Товар: Плакат 3 в 1. Доставка: 0 KGS. Итого: 0 KGS. Комментарий: Быстрый заказ в 1 клик с витрины фронтенда",
        "created_at": "2026-05-28T19:35:42.884Z"
    }
},
{
    "model": "shop.order",
    "pk": 3,
    "fields": {
        "user": null,
        "name": "fsdf",
        "phone": "+996555674456",
        "status": "new",
        "address": "[Самовывоз] Адрес: г. Бишкек, Филиал клиники профессора Огулова А.Т.. Доставка: 0 KGS. Итого: 3100 KGS. Комментарий: dfgdgf",
        "created_at": "2026-05-28T19:41:02.597Z"
    }
},
{
    "model": "shop.order",
    "pk": 4,
    "fields": {
        "user": null,
        "name": "sd",
        "phone": "+996555674456",
        "status": "new",
        "address": "[Самовывоз] Адрес: г. Бишкек, Филиал клиники профессора Огулова А.Т.. Доставка: 0 KGS. Итого: 7300 KGS. Комментарий: Без комментария",
        "created_at": "2026-05-29T10:32:18.578Z"
    }
},
{
    "model": "shop.order",
    "pk": 5,
    "fields": {
        "user": [
            "996702348766"
        ],
        "name": "qw",
        "phone": "+996702348766",
        "status": "new",
        "address": "[Самовывоз] Адрес: г. Бишкек, Филиал клиники профессора Огулова А.Т.. Доставка: 0 KGS. Итого: 7300 KGS. Комментарий: Без комментария",
        "created_at": "2026-05-29T14:09:26.446Z"
    }
},
{
    "model": "shop.order",
    "pk": 6,
    "fields": {
        "user": [
            "996552567890"
        ],
        "name": "asd",
        "phone": "+996552567890",
        "status": "new",
        "address": "[Самовывоз] Адрес: г. Бишкек, Филиал клиники профессора Огулова А.Т.. Доставка: 0 KGS. Итого: 7300 KGS. Комментарий: Без комментария",
        "created_at": "2026-05-29T14:16:52.445Z"
    }
},
{
    "model": "shop.order",
    "pk": 7,
    "fields": {
        "user": [
            "996552567890"
        ],
        "name": "asd",
        "phone": "+996552567890",
        "status": "new",
        "address": "[Доставка (BISHKEK)] Адрес: sasd221. Доставка: 200 KGS. Итого: 1150 KGS. Комментарий: 123",
        "created_at": "2026-05-29T14:19:16.883Z"
    }
},
{
    "model": "shop.order",
    "pk": 8,
    "fields": {
        "user": [
            "996552567890"
        ],
        "name": "asd",
        "phone": "+996552567890",
        "status": "new",
        "address": "[Доставка (BISHKEK)] Адрес: Чуй 142 д10. Доставка: 200 KGS. Итого: 3300 KGS. Комментарий: Без комментария",
        "created_at": "2026-05-29T14:20:28.117Z"
    }
},
{
    "model": "shop.order",
    "pk": 9,
    "fields": {
        "user": [
            "996999999999"
        ],
        "name": "new",
        "phone": "+996999999999",
        "status": "new",
        "address": "[Самовывоз] Адрес: г. Бишкек, Филиал клиники профессора Огулова А.Т.. Доставка: 0 KGS. Итого: 4200 KGS. Комментарий: Без комментария",
        "created_at": "2026-05-29T16:40:23.477Z"
    }
},
{
    "model": "shop.order",
    "pk": 10,
    "fields": {
        "user": [
            "996999999999"
        ],
        "name": "new",
        "phone": "+996999999999",
        "status": "new",
        "address": "[Доставка (BISHKEK)] Адрес: chyi65. Доставка: 200 KGS. Итого: 8050 KGS. Комментарий: Без комментария",
        "created_at": "2026-05-29T17:07:18.630Z"
    }
},
{
    "model": "shop.order",
    "pk": 11,
    "fields": {
        "user": [
            "996999999999"
        ],
        "name": "new",
        "phone": "+996999999999",
        "status": "new",
        "address": "[Доставка (BISHKEK)] Адрес: bush. Доставка: 200 KGS. Итого: 25400 KGS. Комментарий: Без комментария",
        "created_at": "2026-05-29T17:07:46.250Z"
    }
},
{
    "model": "shop.order",
    "pk": 12,
    "fields": {
        "user": [
            "996999999999"
        ],
        "name": "new man",
        "phone": "+996999999999",
        "status": "new",
        "address": "[Самовывоз] Адрес: Быстрый заказ в 1 клик. Товар: Плакат 3 в 1. Доставка: 0 KGS. Итого: 0 KGS. Комментарий: Быстрый заказ в 1 клик с витрины фронтенда",
        "created_at": "2026-05-29T17:53:47.147Z"
    }
},
{
    "model": "shop.order",
    "pk": 13,
    "fields": {
        "user": [
            "996999999999"
        ],
        "name": "new man",
        "phone": "+996999999999",
        "status": "new",
        "address": "[Самовывоз] Адрес: Быстрый заказ в 1 клик. Товар: Пластырь \"Витон\". Доставка: 0 KGS. Итого: 0 KGS. Комментарий: Быстрый заказ в 1 клик с витрины фронтенда",
        "created_at": "2026-05-29T17:54:29.290Z"
    }
},
{
    "model": "shop.orderitem",
    "pk": 1,
    "fields": {
        "order": 1,
        "product": 4,
        "quantity": 1,
        "price": "3100"
    }
},
{
    "model": "shop.orderitem",
    "pk": 2,
    "fields": {
        "order": 2,
        "product": 4,
        "quantity": 1,
        "price": "3100"
    }
},
{
    "model": "shop.orderitem",
    "pk": 3,
    "fields": {
        "order": 3,
        "product": 4,
        "quantity": 1,
        "price": "3100"
    }
},
{
    "model": "shop.orderitem",
    "pk": 4,
    "fields": {
        "order": 4,
        "product": 4,
        "quantity": 1,
        "price": "3100"
    }
},
{
    "model": "shop.orderitem",
    "pk": 5,
    "fields": {
        "order": 4,
        "product": 1,
        "quantity": 1,
        "price": "4200"
    }
},
{
    "model": "shop.orderitem",
    "pk": 6,
    "fields": {
        "order": 5,
        "product": 4,
        "quantity": 1,
        "price": "3100"
    }
},
{
    "model": "shop.orderitem",
    "pk": 7,
    "fields": {
        "order": 5,
        "product": 1,
        "quantity": 1,
        "price": "4200"
    }
},
{
    "model": "shop.orderitem",
    "pk": 8,
    "fields": {
        "order": 6,
        "product": 1,
        "quantity": 1,
        "price": "4200"
    }
},
{
    "model": "shop.orderitem",
    "pk": 9,
    "fields": {
        "order": 6,
        "product": 4,
        "quantity": 1,
        "price": "3100"
    }
},
{
    "model": "shop.orderitem",
    "pk": 10,
    "fields": {
        "order": 7,
        "product": 5,
        "quantity": 1,
        "price": "550"
    }
},
{
    "model": "shop.orderitem",
    "pk": 11,
    "fields": {
        "order": 7,
        "product": 3,
        "quantity": 1,
        "price": "400"
    }
},
{
    "model": "shop.orderitem",
    "pk": 12,
    "fields": {
        "order": 8,
        "product": 4,
        "quantity": 1,
        "price": "3100"
    }
},
{
    "model": "shop.orderitem",
    "pk": 13,
    "fields": {
        "order": 9,
        "product": 1,
        "quantity": 1,
        "price": "4200"
    }
},
{
    "model": "shop.orderitem",
    "pk": 14,
    "fields": {
        "order": 10,
        "product": 4,
        "quantity": 1,
        "price": "3100"
    }
},
{
    "model": "shop.orderitem",
    "pk": 15,
    "fields": {
        "order": 10,
        "product": 1,
        "quantity": 1,
        "price": "4200"
    }
},
{
    "model": "shop.orderitem",
    "pk": 16,
    "fields": {
        "order": 10,
        "product": 5,
        "quantity": 1,
        "price": "550"
    }
},
{
    "model": "shop.orderitem",
    "pk": 17,
    "fields": {
        "order": 11,
        "product": 1,
        "quantity": 6,
        "price": "4200"
    }
},
{
    "model": "shop.orderitem",
    "pk": 18,
    "fields": {
        "order": 12,
        "product": 4,
        "quantity": 1,
        "price": "3100"
    }
},
{
    "model": "shop.orderitem",
    "pk": 19,
    "fields": {
        "order": 13,
        "product": 5,
        "quantity": 1,
        "price": "550"
    }
},
{
    "model": "clinic.clinicabout",
    "pk": 1,
    "fields": {
        "title": "О клинике",
        "description": "Огулов Центр – это учебно-оздоровительный центр, который был создан 19 октября 1995 года Огуловым Александром Тимофеевичем. До 2019 года Центр носил название Учебно-оздоровительный центр “Предтеча”. Также, более 20 лет существует «Профессиональная ассоциация специалистов висцеральных практик», состоящая из выпускников нашей Академии. Все выпускники обучающих программ нашей Академии имеют возможность вступить в это сообщество близких по духу и мышлению специалистов, получить доступ к закрытым чатам и материалам, специальным предложениям и скидкам.",
        "founder_name": "Огулов Александр Тимофеевич",
        "founder_photo": "clinic/founders/ogulov.jpg",
        "founder_description": "Генеральный директор Учебно-оздоровительного Огулов Центра. Президент Профессиональной ассоциации специалистов висцеральных практик, профессор народной медицины, действительный член международной Европейской Академии Естественных наук (Ганновер. Германия). Основоположник и исследователь направления \"Висцеральная практика\" - массаж внутренних органов через переднюю стенку живота.",
        "video_url": "https://www.youtube.com/embed/7as4C9QcJa4",
        "video_preview": "",
        "is_active": true,
        "updated_at": "2026-06-03T06:18:54.525Z"
    }
},
{
    "model": "clinic.clinicgalleryimage",
    "pk": 1,
    "fields": {
        "about_clinic": 1,
        "image": "clinic/gallery/about-main_P3UjZqP.jpg",
        "alt_text": "",
        "order": 0
    }
},
{
    "model": "clinic.clinicgalleryimage",
    "pk": 2,
    "fields": {
        "about_clinic": 1,
        "image": "clinic/gallery/about-4.jpg",
        "alt_text": "",
        "order": 0
    }
},
{
    "model": "clinic.clinicgalleryimage",
    "pk": 3,
    "fields": {
        "about_clinic": 1,
        "image": "clinic/gallery/about-3.jpg",
        "alt_text": "",
        "order": 0
    }
},
{
    "model": "clinic.clinicgalleryimage",
    "pk": 4,
    "fields": {
        "about_clinic": 1,
        "image": "clinic/gallery/about-2.jpg",
        "alt_text": "",
        "order": 0
    }
},
{
    "model": "clinic.clinicgalleryimage",
    "pk": 5,
    "fields": {
        "about_clinic": 1,
        "image": "clinic/gallery/about-1.jpg",
        "alt_text": "",
        "order": 0
    }
},
{
    "model": "clinic.medicalmethod",
    "pk": 1,
    "fields": {
        "slug": "visceralnaya-praktika",
        "title": "Висцеральная практика",
        "image": "methods/viscer1_nGbIBjt.jpg",
        "short_desc": "Висцеральная практика - это воздействие на внутренние органы посредством надавливания, простукивания, сдвижения, массажа живота с целью восстановления положения органов и восстановления микроциркуляции в их околоорганных пространствах.",
        "full_desc": "В основе многих заболеваний, возникающих в течение жизни человека, лежат венозные и лимфатические застои во внутренних органах. Застойные явления, опущения и смещения органов приводят к нарушению обменных процессов и снижению иммунитета. Человек, как и все живое – биологический объект и если нарушается крово и лимфо обращение, то увеличивается рост бактерий грибов паразитов, вирусов, и как следствие возникают различные патологии.\r\n\r\nИ естественно, устранение венозно-лимфатических застоев во внутренних органах приводит к нормализации функций и восстановлению всего организма в целом. Этого можно добиться с помощью методики Огулова А.Т. - висцеральной практики.\r\n\r\nВисцеральная практика - это воздействие на внутренние органы посредством надавливания, сдвижения, смещения, т.е. массажа живота с целью восстановления физиологического положения органов, устранения спазмов, застойных явлений, и восстановления кровообращения и микроциркуляции органов. Метод позволяет выявить нарушения в органах посредством пальпаторного исследования представительных зон на теле человека. После выявления нарушений специалист начинает проводить оздоровительные манипуляции. Все эти действия помогают восстановить здоровье, омолодить организм и продлить жизнь.\r\n\r\nВ работе Центра используются не имеющие аналогов в мире авторские методики А.Т. Огулова, которые успешно применяются более 20 лет. Также в академии Огулова проводится обучение по висцеральной практике в Москве, других городах России и за рубежом.\r\n\r\nЭффект от процедуры:\r\n\r\n• выявление нарушений в работе органов и систем;\r\n\r\n• устранение венозного и лимфатического застоя во внутренних органах и около органных пространствах;\r\n\r\n• восстановление нормального положения внутренних органов;\r\n\r\n• нормализации функций всех систем организма;\r\n\r\n• улучшение кровообращения во всем теле;\r\n\r\n• улучшение психического состояния, устойчивость к стрессам и экологическим катаклизмам.\r\n\r\nАбсолютные противопоказания:\r\n\r\n• выпячивание брюшной аорты;\r\n\r\n• наличие тромбов и склонность организма к образованию тромбов;\r\n\r\n• наличие лихорадки, воспалений и инфекций;\r\n\r\n• наличие в организме посторонних тел;\r\n\r\n• травмы костей в остром течении;\r\n\r\n• кровотечения;\r\n\r\n• перитонит;\r\n\r\n• злокачественные опухоли;\r\n\r\n• аутоиммунные заболевания.\r\n\r\nОтносительные противопоказания:\r\n\r\n• камни в почках и в желчном пузыре;\r\n\r\n• гормонально-активная опухоль;\r\n\r\n• стойкое повышение артериального давления, не поддающееся контролю;\r\n\r\n• сердечная, почечная, дыхательная недостаточность, сахарный диабет;\r\n\r\n• бредовые и параноидальные расстройства;\r\n\r\n• воспаления и эрозии внутренних слизистых оболочек;\r\n\r\n• истощенное состояние организма;\r\n\r\n• нахождение в стадии острого алкогольного или наркотического состояния.\r\n\r\nПодготовка к процедуре:\r\n\r\nНе имеется конкретных рекомендаций. Чтобы добиться более лучшего результата, перед сеансом рекомендуется не есть. Необходимо предоставить специалисту всю информацию о наличии любых заболеваний, так как их наличие может послужить противопоказанием к проведению процедуры."
    }
},
{
    "model": "clinic.medicalmethod",
    "pk": 2,
    "fields": {
        "slug": "ozdorovlenie-pchelami",
        "title": "Оздоровление пчелами",
        "image": "methods/bee.jpg",
        "short_desc": "Оздоровление пчелами (апитерапия) – учение о пользе продуктов пчеловодства для людей.",
        "full_desc": "Оздоровление пчелами (апитерапия) – учение о пользе продуктов пчеловодства для людей. С тех самых пор, как человек познакомился с пчелами и их продуктами, началось активное их использование для оздоровления (мед, перга, соты, маточное молочко, прополис, пыльца). Пчелиный яд – самая уникальная концентрация полезных веществ, аналогов которому нет ни в природе, ни среди аптечных средств, придуманных и созданных человеком.\r\n\r\nОсновная суть оздоровления пчелами – пчелоужаливание. Отбираются самые активные крылатые насекомые. C помощью пинцета специалист аккуратно зажимает пчелу и направляет на нужное место на теле. Как только особь касается кожи, она сразу же кусает и оставляет свое жало в теле пациента. Особенность данной методики заключается в схеме присаживания пчел. Разработка схемы точек ужаливания началась более ста лет назад. На сегодняшний день существует множество методик постановки пчел при различных патологиях, которыми владеют специалисты по оздоровлению пчелами Клиники Огулова. \r\n\r\nПри грамотной постановке пчел на человеческий организм одновременно идет воздействие точечного укалывания и пчелиного яда. Количество сеансов зависит от состояния пациента. Продукты пчеловодства являются сильным аллергеном, поэтому перед началом обязательно нужно провести тест на переносимость яда. Не рискуйте и обращайтесь только к специалистам. Если вы хотите ставить себе пчел самостоятельно, рекомендуем пройти курсы по оздоровлению пчелами в Академии Огулова. \r\n\r\nЭффект от процедуры:\r\n\r\n• благодаря воздействию на мельчайшие нервные волокна происходит стимуляция обменных процессов и кровообращения;\r\n\r\n• восстанавливается нормальное функционирование всех тканей;\r\n\r\n• нормализуется работа костного мозга и образование эритроцитов – происходит повышение уровня гемоглобина;\r\n\r\n• снижается уровень холестерина в крови;\r\n\r\n• происходит разжижение крови и снижение ее свертываемости – это важный фактор профилактики инсультов и инфаркта миокарда;\r\n\r\n• увеличивается растворяемость мочевых камней;\r\n\r\n• нормализуется возбудимость нервной системы;\r\n\r\n• нейтрализуются воспалительные процессы;\r\n\r\n• снимается болевой синдром.\r\n\r\nПротивопоказания: \r\n\r\n• индивидуальная непереносимость.\r\n\r\nПодготовка к процедуре.\r\n\r\nНе имеется конкретных рекомендаций. Необходимо предоставить специалисту всю информацию о наличии любых заболеваний."
    }
},
{
    "model": "clinic.medicalmethod",
    "pk": 3,
    "fields": {
        "slug": "skrebkovyj-massazh-guasha",
        "title": "Скребковый массаж Гуаша",
        "image": "methods/scr.jpg",
        "short_desc": "Техника Гуаша выполняется с помощью специальных скребков. Ими водят по телу пациента по специальной схеме, выдавливая и выгоняя негативную энергию, а вместе с ней токсины.",
        "full_desc": "Техника Гуаша выполняется с помощью специальных скребков. Ими водят по телу пациента по специальной схеме, выдавливая и выгоняя негативную энергию, а вместе с ней токсины. В самом названии заложена суть процедуры: «гуа» в переводе с китайского — это «скрести», а «ша» обозначает негатив. То есть с вас в буквальном смысле соскребут все то плохое, что накопилось.\r\n\r\nВо время болезни в организме накапливается много продуктов распада (токсинов). Когда их количество доходит до определенного показателя, некоторые процессы в организме начинают давать сбой, формируется застой в пораженных частях тела. Скребковый массаж направлен именно на то, чтобы разогнать человеческий организм, «перезапустить» его.\r\n\r\nВ результате направленного воздействия скребком на теле остаются следы: красные пятна, точки и синяки. Не стоит бояться синяков, оставшихся после Гуаша. Они указывают степень застоя крови и проблемные зоны. Их размер, расположение и интенсивность помогут специалисту определить наличие патологий в организме. Это позволяет направить работу на корректировку нарушенных функций.\r\n\r\nГуаша дает результат с первого сеанса. Однако, чтобы добиться значительного улучшения состояния, нужно провести целый цикл. С каждым сеансом синяков будет становиться меньше и меньше, а новые перестанут появляться. Это значит, что состояние тела улучшилось. Необходимое число сеансов определяет сам специалист. Гуаша отлично дополняет и усиливает эффект от висцеральной практики. В Академии Огулова специалистов обучают различным техникам Гуаша (медицинский, оздоровительный, косметический).  А также проходят мастер-классы Гуаша для домашнего использования.\r\n\r\nЭффект от процедуры:\r\n\r\n• устранение застойных явлений;\r\n\r\n• нормализация работы внутренних органов;\r\n\r\n• очищение дыхательных путей, проходит отдышка;\r\n\r\n• улучшение защитных функции организма;\r\n\r\n• опорно-двигательный аппарат становится подвижнее, исчезают боли после физических нагрузок, появляется гибкость;\r\n\r\n• улучшение аппетита и обмена веществ;\r\n\r\n• укрепление сосудов, улучшение циркуляции крови;\r\n\r\n• очищение тела от токсинов и солей;\r\n\r\n• усиление выработки эластина и коллагена, что делает кожу тела более упругой и прочной.\r\n\r\nПротивопоказания:\r\n\r\n• гиперчувствительность (так как при первых сеансах боли достаточно ощутимы);\r\n\r\n• переломы в стадии срастания;\r\n\r\n• гипертония;\r\n\r\n• почечная недостаточность;\r\n\r\n• онкология;\r\n\r\n• плохая свертываемость крови;\r\n\r\n• беременность.\r\n\r\nПодготовка к процедуре:\r\n\r\nНе имеется конкретных рекомендаций. Перед сеансом будет полезно выпить стакан теплой воды."
    }
},
{
    "model": "clinic.medicalmethod",
    "pk": 4,
    "fields": {
        "slug": "vakuumnaya-banochnaya-praktika",
        "title": "Вакуумная баночная практика",
        "image": "methods/vac.jpg",
        "short_desc": "Вакуумная баночная практика — процедура, во время которой на тело производится воздействие вакуумом, создаваемым в специальных банках. Это способствует улучшению крово- и лимфообращения к участку, на который поставили банку, что обеспечивает питанием ткани, кожный покров и внутренние органы.",
        "full_desc": "Вакуумная баночная практика — процедура, во время которой на тело производится воздействие вакуумом, создаваемым в специальных банках. Это способствует улучшению крово- и лимфообращения к участку, на который поставили банку, что обеспечивает питанием ткани, кожный покров и внутренние органы.\r\n\r\nБаночная практика была известна многим народам еще в древности. Для местного кровооттягивания в различные века применяли сосуды из дерева, бамбука, фарфора, стекла и глины. Многие помнят из детства стеклянные банки, которые бабушки или мамы ставили на спину, на ночь от простуды и других недугов. Сейчас используются как стеклянные, так и пластиковые банки.\r\n\r\nВакуумная баночная практика также является хорошим методом диагностики. После постановки банок на теле могут оставаться синяки и отеки. По этим следам можно определить состояние участка тела, внутренних органов и всего организма. Так, сильное пятно на коже говорит о венозном застое и плохом состоянии стенок сосудов, а отсутствие пятна говорит о полном или частичном исчезновении кровотока. Вакуумная баночная практика применяется как самостоятельная методика, так и совместно с висцеральной практикой.\r\n\r\nВ академии Огулова постановке вакуумных банок может обучиться любой желающий и применять методику в домашних условиях. Квалифицированные специалисты клиники Огулова проводят вакуумную баночную практику с учетом психофизического состояния пациента и установленной методики воздействия.\r\n\r\nЭффект от процедуры:\r\n\r\n• снятие застойных явлений в органах и тканях;\r\n\r\n• устранение последствий спаечного процесса;\r\n\r\n• улучшение лимфооттока;\r\n\r\n• детоксикация организма;\r\n\r\n• коррекция положения внутренних органов;\r\n\r\n• нормализация сосудистого тонуса;\r\n\r\n• восстановление пораженного сосудистого русла (варикоз, геморрой);\r\n\r\n• улучшение работы внутренних органов;\r\n\r\n• повышение иммунитета;\r\n\r\n• снятие стресса и устранение хронических состояний;\r\n\r\n• восстановление при ушибах и травмах;\r\n\r\n• коррекция избыточного веса;\r\n\r\n• уменьшение целлюлита и повышение тонуса кожи.\r\n\r\nПротивопоказания:\r\n\r\n• заболевания кожи, особенно гнойничковые;\r\n\r\n• болезни крови;\r\n\r\n• признаки повышенной кровоточивости;\r\n\r\n• высокая температура тела;\r\n\r\n• общее истощение.\r\n\r\nПодготовка к процедуре:\r\n\r\nНе имеется конкретных рекомендаций."
    }
},
{
    "model": "clinic.medicalmethod",
    "pk": 5,
    "fields": {
        "slug": "ozdorovlenie-travami-fitoterapiya",
        "title": "Оздоровление травами (фитотерапия)",
        "image": "methods/fit.jpg",
        "short_desc": "Оздоровление травами (фитотерапия) и в русской народной медицине, и медицине континентов и всех времен было основным видом оздоровления.",
        "full_desc": "Оздоровление травами (фитотерапия) и в русской народной медицине, и медицине континентов и всех времен было основным видом оздоровления. Сегодня оздоровление травами считается областью народной медицины, однако и официальная и нетрадиционная медицина использует оздоровление травами в своей практике.\r\n\r\nРастительный мир предлагает нам обширный и доступный набор оздоровительных средств. Знания, собранные за много лет применения человеком лекарственных трав, широко используются специалистами-натуропатами клиники Огулова. Смирнов Константин Анатольевич является учеником известного травника Карпа Абрамовича Трескунова.\r\n\r\nОздоровление травами имеет два основных способа применения: внутренний и наружный. Внутрь принимают травы в виде водных настоев, отваров, экстрактов, спиртовых настоек, чаев и травяных сборов, выжатого сока и порошка из высушенных частей растений. Наружное оздоровление травами применяют в виде ванн, обертываний, примочек, компрессов, прикладывания частей растений к больным местам.\r\n\r\nПротивопоказания:\r\n\r\n• индивидуальная непереносимость.\r\n\r\nПодготовка к процедуре.\r\n\r\nНеобходимо предоставить специалисту всю информацию о наличии любых заболеваний и применяемых препаратов. Все рекомендации по приему лекарственных трав назначает специалист на приеме. Оздоровление пациентов, проходящих лечение рака и других опасных для жизни заболеваний, проводится только совместно с признанными официальной медициной методиками и только под контролем врача."
    }
},
{
    "model": "clinic.medicalmethod",
    "pk": 6,
    "fields": {
        "slug": "vibracionnyj-massazh",
        "title": "Вибрационный массаж",
        "image": "methods/vib.jpg",
        "short_desc": "Вибрационный массаж – механическое воздействие на организм при помощи вибромассажеров для достижения оздоровительного, обезболивающего, противовоспалительного и тонизирующего эффекта.",
        "full_desc": "Вибрационный массаж – механическое воздействие на организм при помощи вибромассажеров для достижения оздоровительного, обезболивающего, противовоспалительного и тонизирующего эффекта.\r\n\r\nВо время вибрационного массажа удаляются чешуйки эпидермиса кожи, расширяются кровеносные сосуды, усиливается кровообращение и лимфообращение в коже и мышечных волокнах. При этом возникает ощущение разогрева кожи за счет притока более теплой крови из глубоких мышечных слоев, а также улучшается функция сальных и потовых желез, кожа становится розовой и эластичной, повышается ее питание. Гиперемия кожи ведет к усилению обмена в тканях.\r\n\r\nВибрационный массаж можно отнести к биомеханическому воздействию, которое оказывает ярко выраженное влияние на мышцы, вызывая сокращение мышечных волокон и изменения в самих мышечных клетках. В мышцах начинают функционировать резервные капилляры, в которые поступает дополнительное количество крови, а следовательно, и кислорода. Способствует повышению упругости и работоспособности мышц, усилению крово- и лимфообращения, что благоприятно действует на уменьшение и исчезновение отеков. Вибрационное воздействие на мышечные ткани способствует снятию боли с них.\r\n\r\nВ Клинике Огулова для вибрационного воздействия на органы и ткани используется вибрационный аппарат Огулова, разработанный специально для специалистов висцеральных практик.\r\n\r\nЭффект от процедуры:\r\n\r\n• устранение спаек в животе и грудной клетке (которые сложно убрать мягкими техниками);\r\n\r\n• расслабление глубоких и поверхностных мышц;\r\n\r\n• уменьшение количества жировых клеток на животе, бедрах, ягодицах и в целом в теле человека;\r\n\r\n• улучшение моторики работы желудочно-кишечного тракта за счет улучшения кровоснабжения внутренних органов;\r\n\r\n• улучшение циркуляции крови и лимфы в тканях и органах, что является основной причиной ускорения клеточного метаболизма;\r\n\r\n• улучшение работы выделительной системы, кожного дыхания, способствуя эффективному выводу из организма метаболических отходов;\r\n\r\n• профилактика старения и дряблости кожи при использовании вибрационного аппарата Огулова достигается за счет увеличения свойств упругости, эластичности и тонуса кожи;\r\n\r\n• уменьшение свежих келоидных рубцов и шрамов;\r\n\r\n• укрепление парасимпатической нервной системы;\r\n\r\n• укрепление иммунной системы;\r\n\r\n• восстановление функциональной работоспособности внутренних органов;\r\n\r\n• улучшение качества сна.\r\n\r\nПротивопоказания:\r\n\r\n• беременность;\r\n\r\n• присутствие в организме элекгрокардиостимулятора;\r\n\r\n• острые состояния, угрожающие жизни – (инфаркт, инсульт, острый живот, и др);\r\n\r\n• злокачественные новообразования;\r\n\r\n• тромбоз вен, аневризмы артерий.\r\n\r\nПодготовка к процедуре:\r\n\r\nПокушать перед приемом не позднее, чем за 1-2 часа. Вы не должны ощущать сильного голода, но и полный желудок не полезен. Необходимо предоставить специалисту всю информацию о наличии любых заболеваний, так как их наличие может послужить противопоказанием к проведению процедуры."
    }
},
{
    "model": "clinic.medicalmethod",
    "pk": 7,
    "fields": {
        "slug": "manualnaya-terapiya",
        "title": "Мануальная терапия",
        "image": "methods/man.jpg",
        "short_desc": "Мануальная терапия – это комплекс малоинвазивных методик, осуществляющих воздействие на мышцы, суставы, костно-связочный аппарат и внутренние органы человека с помощью разнообразных ручных техник.",
        "full_desc": "Медицинский массаж представляет собой комплекс действий, которые выполняет специалист на коже пациента с целью оздоровления и активизации внутренних сил организма, нормализации его функций. Это один из самых древних способов укрепить и поправить здоровье. Он появился тогда, когда у человека не было ни лекарств, ни медицинской науки. Веками методы совершенствовались, и сейчас специалисты используют медицинский массаж, как одно из высокоэффективных средств для устранения многих патологий.\r\n\r\nМедицинский массаж эффективен для общего укрепления организма, при реабилитации после травмы или болезни, в составе комплексного оздоровления или как самостоятельное средство для устранения патологий.\r\n\r\nЦелесообразность проведения процедуры должен определять специалист. В зависимости от индивидуальных показаний он решает, какая методика необходима, с какой периодичностью и сколько процедур нужно пациенту для достижения положительного результата.\r\n\r\nСпециалисты Клиники Огулова в своей работе постоянно обращаются к приемам медицинского массажа.\r\n\r\nЭффект от процедуры:\r\n\r\n• улучшается лимфо- и кровообращение, усиливается кровоток к внутренним органам;\r\n\r\n• повышается иммунитет;\r\n\r\n• укрепляются связки, расслабляются мышцы, устраняются отеки;\r\n\r\n• нормализуется деятельности симпатической нервной системы;\r\n\r\n• ускоряется метаболизм;\r\n\r\n• улучшается работоспособность выделительной системы кожных покровов;\r\n\r\n• повышается эластичность и упругость кожи;\r\n\r\n• эпидермис очищается от омертвевших клеток;\r\n\r\n• омоложение кожных покровов и всего организма;\r\n\r\n• снятие усталости и устранение последствий стрессовых состояний;\r\n\r\n• нормализация психоэмоционального состояния;\r\n\r\n• восстанавливается нервная система;\r\n\r\n• снижается масса тела, коррекция фигуры и профилактика целлюлита.\r\n\r\nПротивопоказания:\r\n\r\n• лихорадочные состояния;\r\n\r\n• инфекционные поражения кожных покровов;\r\n\r\n• тромбоз, тромбофлебит, варикозная болезнь второй и выше стадии;\r\n\r\n• аневризма;\r\n\r\n• выраженный сосудистый спазм, поражение сосудистых стенок;\r\n\r\n• выраженный атеросклероз;\r\n\r\n• заболевания крови;\r\n\r\n• онкозаболевания;\r\n\r\n• поражение лимфоузлов;\r\n\r\n• психические патологии;\r\n\r\n• острая стадия мочекаменной и желчнокаменной болезни;\r\n\r\n• активная форма туберкулеза, СПИД, цинга, остеомиелит.\r\n\r\nПодготовка к процедуре:\r\n\r\nНе имеется конкретных рекомендаций. Необходимо предоставить специалисту всю информацию о наличии любых заболеваний, так как их наличие может послужить противопоказанием к проведению процедуры."
    }
},
{
    "model": "clinic.medicalmethod",
    "pk": 8,
    "fields": {
        "slug": "limfodrenazhnye-tehniki",
        "title": "Лимфодренажные техники",
        "image": "methods/lim.jpg",
        "short_desc": "Лимфатическая система отвечает за выведение вредных веществ, образующихся в процессе жизнедеятельности человека.",
        "full_desc": "Лимфатическая система отвечает за выведение вредных веществ, образующихся в процессе жизнедеятельности человека. Ухудшение работы лимфосистемы приводит к тому, что отработанные продукты жизнедеятельности не удаляются, а накапливаются, следовательно, наступает интоксикация организма. Ко всему прочему лимфатические узлы способствуют уничтожению микробов. Для стимулирования работы лимфатической системы и облегчения движения жидкости в организме используются лимфодренажные техники.\r\n\r\nЛимфодренажные техники – это физическое воздействие на определенные участки тела по направлению лимфооттока. В основе процедуры лежит знание расположения лимфатических узлов и направления движения лимфы. Это абсолютно безболезненный процесс, основанный на поглаживании и надавливании.\r\n\r\nБлагодаря увеличению скорости лимфооттока органы быстрее избавляются от продуктов распада и получают больше питательных веществ и кислорода. Специалисты клиники Огулова используют лимфодренажные техники в своей практике для комплексного оздоровления организма. \r\n\r\nЭффект от процедуры:\r\n\r\n• улучшение объемов, форм и контуров тела;\r\n\r\n• улучшение лимфооттока;\r\n\r\n• уменьшение отечности;\r\n\r\n• восстановление сократительной способности вен и клапанного аппарата при варикозе;\r\n\r\n• повышение тургора кожи;\r\n\r\n• улучшение метаболизма;\r\n\r\n• профилактика целлюлита;\r\n\r\n• повышение иммунитета;\r\n\r\n• улучшение кровообращения в конечностях.\r\n\r\nПротивопоказания:\r\n\r\n• Отсутствуют.\r\n\r\nПодготовка к процедуре:\r\n\r\nЧистая кожа. Покушать перед приемом не позднее, чем за 1-2 часа."
    }
},
{
    "model": "clinic.medicalmethod",
    "pk": 9,
    "fields": {
        "slug": "yumejho",
        "title": "Юмейхо",
        "image": "methods/юмеихо-1.jpg",
        "short_desc": "Юмейхо - восстановительный комплекс, который включает в себя более 100 приемов коррекции органов движения.",
        "full_desc": "Юмейхо - восстановительный комплекс, который включает в себя более 100 приемов коррекции органов движения.\r\n\r\nЯпонский метод был разработан Масаюки Сайонджи: в 1975 году Сайонджи стал учиться у мастера реабилитационной терапии Шуихи Оно. Объединив новые знания с уже имеющимися (восточный массаж, хиропрактика) Сайонджи разработал свою систему профилактической и реабилитационной практики.\r\nВ Юмейхо считается, что центром организма является линия пересечения позвоночника, поэтому данная техника воздействует сперва на опорно-двигательный аппарат и корректирует расположение костей таза.\r\n\r\nСеанс проводится на мате. Во время сеанса специалист Клиники Огулова разминает мышцы, воздействует на суставы и позвонки, работает с висцеральной областью живота, что позволяет снимать спазмы и убирать застойные явления. Количество сеансов определяет специалист исходя из состояния пациента. Цель специалиста – вернуть пациенту естественный баланс тела, который поспособствует общему оздоровлению.\r\n\r\nВ академии Огулова любой желающий может освоить технику Юмейхо. Пройдя семинар, вы научитесь диагностировать смещение центра тяжести и корректировать его положение.\r\n\r\nЭффект от процедуры:\r\n\r\n• снятие эмоционального и физического напряжения;\r\n\r\n• улучшение микроциркуляции в тканях;\r\n\r\n• активизация кровообращения, устранение застойных явлений;\r\n\r\n• восстановление подвижности в суставах;\r\n\r\n• улучшение эластичности в мышцах;\r\n\r\n• восстановление центра тяжести тела;\r\n\r\n• улучшение работы внутренних органов;\r\n\r\n• избавление от усталости и головной боли;\r\n\r\n• поднятие настроения и повышение работоспособности.\r\n\r\nПротивопоказания:\r\n\r\n• период обострения хронических заболеваний;\r\n\r\n• дерматит;\r\n\r\n• тяжелые болезни кровеносной системы;\r\n\r\n• туберкулез;\r\n\r\n• ВИЧ;\r\n\r\n• тяжелая гипертония;\r\n\r\n• онкология;\r\n\r\n• межпозвоночные грыжи более 1 см;\r\n\r\n• беременность; \r\n\r\n• травмы кожи. \r\n\r\nПодготовка к процедуре:\r\n\r\nСвободная одежда (спортивный костюм). Опорожнение кишечника (за несколько часов до сеанса) и мочевого пузыря (непосредственно перед ним)."
    }
},
{
    "model": "clinic.methodgallery",
    "pk": 1,
    "fields": {
        "method": 1,
        "image": "methods/gallery/viscer2_dhOYVDr.jpg",
        "sort_order": 0
    }
},
{
    "model": "clinic.methodgallery",
    "pk": 2,
    "fields": {
        "method": 1,
        "image": "methods/gallery/viscer3.jpg",
        "sort_order": 0
    }
},
{
    "model": "clinic.methodgallery",
    "pk": 3,
    "fields": {
        "method": 1,
        "image": "methods/gallery/viscer4.jpg",
        "sort_order": 0
    }
},
{
    "model": "clinic.methodgallery",
    "pk": 4,
    "fields": {
        "method": 2,
        "image": "methods/gallery/bee2.jpg",
        "sort_order": 0
    }
},
{
    "model": "clinic.methodgallery",
    "pk": 5,
    "fields": {
        "method": 2,
        "image": "methods/gallery/bee3.jpg",
        "sort_order": 0
    }
},
{
    "model": "clinic.methodgallery",
    "pk": 6,
    "fields": {
        "method": 3,
        "image": "methods/gallery/scr.jpg",
        "sort_order": 0
    }
},
{
    "model": "clinic.methodgallery",
    "pk": 7,
    "fields": {
        "method": 3,
        "image": "methods/gallery/scr22.jpg",
        "sort_order": 0
    }
},
{
    "model": "clinic.methodgallery",
    "pk": 8,
    "fields": {
        "method": 3,
        "image": "methods/gallery/scr3.jpg",
        "sort_order": 0
    }
},
{
    "model": "clinic.methodgallery",
    "pk": 9,
    "fields": {
        "method": 4,
        "image": "methods/gallery/vac.jpg",
        "sort_order": 0
    }
},
{
    "model": "clinic.methodgallery",
    "pk": 10,
    "fields": {
        "method": 5,
        "image": "methods/gallery/fit.jpg",
        "sort_order": 0
    }
},
{
    "model": "clinic.methodgallery",
    "pk": 11,
    "fields": {
        "method": 5,
        "image": "methods/gallery/fit2.jpg",
        "sort_order": 0
    }
},
{
    "model": "clinic.methodgallery",
    "pk": 12,
    "fields": {
        "method": 5,
        "image": "methods/gallery/fit3.jpg",
        "sort_order": 0
    }
},
{
    "model": "clinic.methodgallery",
    "pk": 13,
    "fields": {
        "method": 6,
        "image": "methods/gallery/vib.jpg",
        "sort_order": 0
    }
},
{
    "model": "clinic.methodgallery",
    "pk": 14,
    "fields": {
        "method": 6,
        "image": "methods/gallery/vin2.jpg",
        "sort_order": 0
    }
},
{
    "model": "clinic.methodgallery",
    "pk": 15,
    "fields": {
        "method": 6,
        "image": "methods/gallery/vib3.jpg",
        "sort_order": 0
    }
},
{
    "model": "clinic.methodgallery",
    "pk": 16,
    "fields": {
        "method": 6,
        "image": "methods/gallery/vib4.jpg",
        "sort_order": 0
    }
},
{
    "model": "clinic.methodgallery",
    "pk": 17,
    "fields": {
        "method": 7,
        "image": "methods/gallery/man.jpg",
        "sort_order": 0
    }
},
{
    "model": "clinic.methodgallery",
    "pk": 18,
    "fields": {
        "method": 7,
        "image": "methods/gallery/man2.jpg",
        "sort_order": 0
    }
},
{
    "model": "clinic.methodgallery",
    "pk": 19,
    "fields": {
        "method": 7,
        "image": "methods/gallery/man3.jpg",
        "sort_order": 0
    }
},
{
    "model": "clinic.methodgallery",
    "pk": 20,
    "fields": {
        "method": 7,
        "image": "methods/gallery/man4.jpg",
        "sort_order": 0
    }
},
{
    "model": "clinic.methodgallery",
    "pk": 21,
    "fields": {
        "method": 8,
        "image": "methods/gallery/lim.jpg",
        "sort_order": 0
    }
},
{
    "model": "clinic.methodgallery",
    "pk": 22,
    "fields": {
        "method": 8,
        "image": "methods/gallery/lim2.jpg",
        "sort_order": 0
    }
},
{
    "model": "clinic.methodgallery",
    "pk": 23,
    "fields": {
        "method": 8,
        "image": "methods/gallery/lim3.jpg",
        "sort_order": 0
    }
},
{
    "model": "clinic.doctor",
    "pk": 1,
    "fields": {
        "slug": "ogulov-aleksandr-timofeevich",
        "name": "Огулов Александр Тимофеевич",
        "exp": "Опыт более 30 лет",
        "desc": "Генеральный директор Учебно-оздоровительного Огулов Центра. Президент Профессиональной ассоциации специалистов висцеральных практик, профессор народной медицины, действительный член международной Европейской Академии Естественных наук (Ганновер. Германия). Основоположник и исследователь направления \"Висцеральная практика\" - массаж внутренних органов через переднюю стенку живота. Профессиональное начало деятельности в области висцеральной практики с 1985 года.",
        "full_bio": "Генеральный директор Учебно-оздоровительного Огулов Центра.\r\n\r\nПрезидент Профессиональной ассоциации специалистов висцеральных практик, профессор народной медицины, действительный член международной Европейской Академии Естественных наук (Ганновер. Германия). Основоположник направления «Висцеральная практика» (массаж внутренних органов через переднюю стенку живота), автор метода «Коррекция функционального состояния организма».\r\n\r\nПрофессиональное начало деятельности в области висцеральной практики с 1985 года.\r\nИмеет более 10 000 своих учеников и последователей в разных странах мира.\r\n\r\n\r\nНагражден медалями:\r\n•    лауреата премии им. Я. Г. Гальперина «За вклад в развитие народной медицины в России».\r\n•    янтарной звездой Магистра народной медицины.\r\n•    медалью «За практический вклад в укрепление здоровья нации».\r\n•    награжден медалью Пауля Эрлиха «Во благо здоровья».\r\n•    почетной медалью «За успехи в народной медицине».\r\n\r\nМастер Спорта СССР по самбо и дзюдо.\r\nАвтор множества книг и публикаций по висцеральной практике и лечению заболеваний внутренних органов.",
        "image": "doctors/Ogulov_b_zwNcQDm.gif",
        "video_url": null,
        "methods": [
            1,
            2,
            3,
            4,
            5,
            6,
            7,
            8,
            9
        ]
    }
},
{
    "model": "clinic.doctor",
    "pk": 2,
    "fields": {
        "slug": "smirnov-konstantin-anatolevich",
        "name": "Смирнов Константин Анатольевич",
        "exp": "Опыт более 15 лет",
        "desc": "Специалист висцеральных практик высшей категории, специалист по оздоровлению пчелами, натуропат.",
        "full_bio": "Специалист висцеральных практик высшей категории, специалист по оздоровлению пчелами, натуропат.\r\n\r\nОкончил Российский национально-исследовательский медицинский университет им. Н.И. Пирогова по специальности «Педиатрия».\r\n\r\nЧлен Профессиональной ассоциации специалистов висцеральных практик.\r\nАккредитованный преподаватель Академии Огулова.\r\n\r\nВедет семинары:\r\nГирудооздоровление. Постановка пиявок.\r\nОздоровление пчелами и продуктами пчеловодства в висцеральной практике.\r\n\r\nОпыт медицинской и оздоровительной деятельности:\r\n● опыт в традиционной медицине (реаниматология — 7 лет, гастроэнтерология — 3 года.)\r\n● опыт оздоровительных практик — 15 лет.\r\n● С 2004 года работает в Клинике Огулова.",
        "image": "doctors/Smironv1.jpg",
        "video_url": null,
        "methods": [
            1,
            4,
            6,
            7,
            8,
            5
        ]
    }
},
{
    "model": "clinic.doctor",
    "pk": 3,
    "fields": {
        "slug": "merzlov-vladimir-vasilevich",
        "name": "Мерзлов Владимир Васильевич",
        "exp": "Опыт более 15 лет",
        "desc": "Специалист висцеральных практик высшей категории, специалист по оздоровлению пчелами. Преподаватель Академии Огулова.",
        "full_bio": "Специалист висцеральных практик высшей категории, специалист по оздоровлению пчелами.\r\n\r\nОкончил Медицинское училище №17 Главуправздравоохранения по специальности «Лечебное дело».\r\n\r\nЧлен Профессиональной ассоциации специалистов висцеральных практик.\r\nАккредитованный преподаватель Академии Огулова.\r\n\r\nВедёт семинары:\r\nВакуумная практика. Профессиональное использование.\r\n\r\nОпыт медицинской и оздоровительной деятельности:\r\n● опыт оздоровительных практик – 28 лет.\r\n● С 2016 г. работает в Клинике Огулова.",
        "image": "doctors/Merzlov.jpg",
        "video_url": null,
        "methods": [
            8,
            3,
            4
        ]
    }
},
{
    "model": "clinic.doctor",
    "pk": 4,
    "fields": {
        "slug": "belov-igor-aleksandrovich",
        "name": "Белов Игорь Александрович",
        "exp": "Опыт более 19 лет",
        "desc": "Специалист висцеральных практик, специалист по оздоровлению пчелами.",
        "full_bio": "Специалист висцеральных практик высшей категории, специалист по оздоровлению пчелами.\r\n\r\nОкончил Медицинское училище №19 г. Москва по специальности «Фельдшер».\r\n\r\nЧлен Профессиональной ассоциации специалистов висцеральных практик. \r\n\r\nОпыт медицинской и оздоровительной деятельности:\r\n\r\nопыт оздоровительных практик – 19 года.  \r\nС 2000 г. работает в Клинике Огулова.",
        "image": "doctors/Belov.jpg",
        "video_url": null,
        "methods": [
            8,
            1,
            2,
            4
        ]
    }
},
{
    "model": "clinic.doctor",
    "pk": 5,
    "fields": {
        "slug": "kalilova-roza-niyazbekovna",
        "name": "Калилова Роза Ниязбековна",
        "exp": "Опыт работы более 20 лет",
        "desc": "Специалист висцеральных практик высшей категории.",
        "full_bio": "Специалист висцеральных практик высшей категории. Гирудооздоровление гинекологических зон.\r\n\r\nЧлен Профессиональной ассоциации специалистов висцеральных практик. ГБПОУ Медколледж 6 г. Москвы по специальности «Акушерское дело». \r\n\r\nОпыт оздоровительной деятельности:\r\n\r\nопыт в традиционной медицине (медицинская сестра — 7 лет.) \r\nопыт оздоровительных практик – 14 лет.  \r\nС 2018 г. работает в Клинике Огулова.",
        "image": "doctors/Roza.jpg",
        "video_url": null,
        "methods": [
            1,
            2,
            5,
            6
        ]
    }
},
{
    "model": "clinic.doctor",
    "pk": 6,
    "fields": {
        "slug": "kolbina-tatyana-vladimirovna",
        "name": "Колбина Татьяна Владимировна",
        "exp": "Опыт работы более 20 лет",
        "desc": "Специалист висцеральных практик высшей категории, психотерапевт, диагност.",
        "full_bio": "Специалист висцеральных практик высшей категории, психотерапевт, диагност.\r\n\r\nОкончила Университет Российской академии образования г. Москва по специальности «Психология». Окончила Челябинское медицинское училище Министерства здравоохранения РСФСР по специальности «Санитарный фельдшер».\r\n\r\nПовысила свою квалификацию в Российском государственном медицинском университете ГОУ ВПО по диагностическим методам (темнопольный микроскоп).\r\n\r\nЧлен Профессиональной ассоциации специалистов висцеральных практик. Член профессиональной психотерапевтической лиги (свидетельство №1327) и европейской ассоциации психотерапевтов.\r\n\r\nНаграждена медалью «За вклад в развитии Профессиональной Ассоциации висцеральных терапевтов» 2016г.\r\n\r\nОпыт медицинской и оздоровительной деятельности:\r\n\r\nопыт в традиционной медицине (психолог — 16 лет.) \r\nопыт оздоровительных практик – 12 лет.  \r\nС 2016 г. работает в Клинике Огулова.",
        "image": "doctors/Kolbina.jpg",
        "video_url": null,
        "methods": [
            1,
            2,
            3,
            4,
            5,
            6,
            7,
            8
        ]
    }
},
{
    "model": "clinic.doctor",
    "pk": 7,
    "fields": {
        "slug": "korchma-lidiya-ivanovna",
        "name": "Корчма Лидия Ивановна",
        "exp": "Опыт работы более 15 лет",
        "desc": "Специалист висцеральных практик высшей категории.",
        "full_bio": "Специалист висцеральных практик высшей категории.\r\n\r\nОкончила ОГБПОУ Ульяновского Медицинского Колледжа по специальности “Фельдшер”.\r\n\r\nЧлен Профессиональной ассоциации специалистов висцеральных практик.\r\n\r\nОпыт медицинской и оздоровительной деятельности:\r\n\r\nопыт в традиционной медицине  (фельдшер — 26 лет.) \r\nопыт оздоровительных практик – 24 года.  \r\nС 2007 г. работает в Клинике Огулова.",
        "image": "doctors/Lidiya.jpg",
        "video_url": null,
        "methods": [
            1,
            2,
            4,
            6,
            7
        ]
    }
},
{
    "model": "clinic.doctorgallery",
    "pk": 1,
    "fields": {
        "doctor": 1,
        "image": "doctors/gallery/Огулов_h9Maf4W.jpg"
    }
},
{
    "model": "clinic.clinicaward",
    "pk": 1,
    "fields": {
        "title": "1",
        "image": "awards/Скан_20191003-19.jpg",
        "award_type": "diploma",
        "created_at": "2026-05-31T22:24:02.352Z"
    }
},
{
    "model": "clinic.clinicaward",
    "pk": 2,
    "fields": {
        "title": "2",
        "image": "awards/Скан_20191003-20-1.jpg",
        "award_type": "diploma",
        "created_at": "2026-05-31T22:24:11.906Z"
    }
},
{
    "model": "clinic.clinicaward",
    "pk": 3,
    "fields": {
        "title": "3",
        "image": "awards/Скан_20191003-22-1.jpg",
        "award_type": "diploma",
        "created_at": "2026-05-31T22:24:21.808Z"
    }
},
{
    "model": "clinic.clinicaward",
    "pk": 4,
    "fields": {
        "title": "4",
        "image": "awards/Скан_20191003-23-1.jpg",
        "award_type": "diploma",
        "created_at": "2026-05-31T22:24:36.752Z"
    }
},
{
    "model": "clinic.clinicaward",
    "pk": 5,
    "fields": {
        "title": "1",
        "image": "awards/s.jpg",
        "award_type": "gratitude",
        "created_at": "2026-05-31T22:24:52.272Z"
    }
},
{
    "model": "clinic.clinicaward",
    "pk": 6,
    "fields": {
        "title": "5",
        "image": "awards/Скан_20191003-27.jpg",
        "award_type": "diploma",
        "created_at": "2026-05-31T22:25:01.008Z"
    }
},
{
    "model": "clinic.clinicaward",
    "pk": 7,
    "fields": {
        "title": "6",
        "image": "awards/Скан_20191003-28.jpg",
        "award_type": "diploma",
        "created_at": "2026-05-31T22:25:09.967Z"
    }
},
{
    "model": "clinic.clinicaward",
    "pk": 8,
    "fields": {
        "title": "2",
        "image": "awards/s1.jpg",
        "award_type": "gratitude",
        "created_at": "2026-05-31T22:25:22.304Z"
    }
},
{
    "model": "clinic.clinicaward",
    "pk": 9,
    "fields": {
        "title": "3",
        "image": "awards/s3.jpg",
        "award_type": "gratitude",
        "created_at": "2026-05-31T22:25:36.853Z"
    }
},
{
    "model": "clinic.clinicaward",
    "pk": 10,
    "fields": {
        "title": "4",
        "image": "awards/s3_lycPguw.jpg",
        "award_type": "diploma",
        "created_at": "2026-05-31T22:25:54.158Z"
    }
},
{
    "model": "clinic.clinicaward",
    "pk": 11,
    "fields": {
        "title": "5",
        "image": "awards/s4.jpg",
        "award_type": "gratitude",
        "created_at": "2026-05-31T22:26:04.760Z"
    }
},
{
    "model": "clinic.clinicaward",
    "pk": 12,
    "fields": {
        "title": "6",
        "image": "awards/s5.jpg",
        "award_type": "gratitude",
        "created_at": "2026-05-31T22:26:14.227Z"
    }
},
{
    "model": "clinic.clinicaward",
    "pk": 13,
    "fields": {
        "title": "7",
        "image": "awards/s6.jpg",
        "award_type": "gratitude",
        "created_at": "2026-05-31T22:26:25.720Z"
    }
},
{
    "model": "clinic.clinicaward",
    "pk": 14,
    "fields": {
        "title": "8",
        "image": "awards/s7.jpg",
        "award_type": "gratitude",
        "created_at": "2026-05-31T22:26:36.494Z"
    }
},
{
    "model": "clinic.clinicaward",
    "pk": 15,
    "fields": {
        "title": "9",
        "image": "awards/Скан_20191003-27_BpwrkHu.jpg",
        "award_type": "diploma",
        "created_at": "2026-05-31T22:26:47.292Z"
    }
},
{
    "model": "clinic.clinicaward",
    "pk": 16,
    "fields": {
        "title": "10",
        "image": "awards/Скан_20191003-28_bUWcWRX.jpg",
        "award_type": "diploma",
        "created_at": "2026-05-31T22:26:57.230Z"
    }
},
{
    "model": "clinic.clinicaward",
    "pk": 17,
    "fields": {
        "title": "11",
        "image": "awards/Скан_20191003-38.jpg",
        "award_type": "diploma",
        "created_at": "2026-05-31T22:27:06.217Z"
    }
},
{
    "model": "clinic.clinicaward",
    "pk": 18,
    "fields": {
        "title": "12",
        "image": "awards/Скан_20191003-47.jpg",
        "award_type": "diploma",
        "created_at": "2026-05-31T22:27:13.451Z"
    }
},
{
    "model": "clinic.clinicaward",
    "pk": 20,
    "fields": {
        "title": "9",
        "image": "awards/ы9.jpg",
        "award_type": "gratitude",
        "created_at": "2026-05-31T22:48:46.841Z"
    }
},
{
    "model": "clinic.clinicaward",
    "pk": 21,
    "fields": {
        "title": "111",
        "image": "awards/Скан_20191003-24.jpg",
        "award_type": "diploma",
        "created_at": "2026-05-31T22:52:16.025Z"
    }
},
{
    "model": "clinic.clinicgallery",
    "pk": 2,
    "fields": {
        "title": "slid",
        "image": "clinic/gallery/cl4.jpg",
        "created_at": "2026-05-31T23:51:57.183Z"
    }
},
{
    "model": "clinic.clinicgallery",
    "pk": 3,
    "fields": {
        "title": "slid1",
        "image": "clinic/gallery/cl3.jpg",
        "created_at": "2026-05-31T23:52:09.630Z"
    }
},
{
    "model": "clinic.clinicgallery",
    "pk": 4,
    "fields": {
        "title": "slid2",
        "image": "clinic/gallery/cl2.jpg",
        "created_at": "2026-05-31T23:52:25.428Z"
    }
},
{
    "model": "clinic.clinicgallery",
    "pk": 5,
    "fields": {
        "title": "slid3",
        "image": "clinic/gallery/cl.jpg",
        "created_at": "2026-05-31T23:52:45.595Z"
    }
},
{
    "model": "clinic.clinicgallery",
    "pk": 8,
    "fields": {
        "title": "",
        "image": "clinic/gallery/5a85b175cf8c7_Снимок_экрана_2018-02-15_в_19.09.29.png",
        "created_at": "2026-06-02T04:21:34.333Z"
    }
},
{
    "model": "clinic.clinicgallery",
    "pk": 9,
    "fields": {
        "title": "",
        "image": "clinic/gallery/genarel.jpg",
        "created_at": "2026-06-02T04:21:40.989Z"
    }
},
{
    "model": "clinic.bannerslide",
    "pk": 1,
    "fields": {
        "title": "Новый Интернет-Магазин",
        "subtitle": null,
        "text": "Проверенные товары для вашего здоровья",
        "image": "clinic/banners/banner.jpg",
        "button_text": "Подробнее",
        "link": "/shop",
        "order": 1,
        "is_active": true
    }
},
{
    "model": "clinic.bannerslide",
    "pk": 2,
    "fields": {
        "title": "Подписывайтесь на наш новый Youtube канал и социальные сети",
        "subtitle": null,
        "text": "Огулов Центр",
        "image": "clinic/banners/banner2.jpg",
        "button_text": "Подробнее",
        "link": "/contacts",
        "order": 2,
        "is_active": true
    }
},
{
    "model": "clinic.callbacklead",
    "pk": 1,
    "fields": {
        "name": "asdsdad",
        "phone": "996755342344",
        "comment": "hi",
        "target_type": "Оздоровление пчелами",
        "target_id": 2,
        "is_processed": false,
        "created_at": "2026-06-01T05:14:00.243Z"
    }
},
{
    "model": "clinic.callbacklead",
    "pk": 2,
    "fields": {
        "name": "asd",
        "phone": "996755342554",
        "comment": "HELLO",
        "target_type": "Огулов Александр Тимофеевич",
        "target_id": 1,
        "is_processed": false,
        "created_at": "2026-06-01T05:18:18.196Z"
    }
},
{
    "model": "clinic.callbacklead",
    "pk": 3,
    "fields": {
        "name": "ass",
        "phone": "996755342554",
        "comment": "na kakoe vremaya",
        "target_type": "Огулов Александр Тимофеевич",
        "target_id": 1,
        "is_processed": false,
        "created_at": "2026-06-01T09:22:29.883Z"
    }
},
{
    "model": "clinic.callbacklead",
    "pk": 4,
    "fields": {
        "name": "valera",
        "phone": "996999444111",
        "comment": "?",
        "target_type": "Огулов Александр Тимофеевич",
        "target_id": 1,
        "is_processed": false,
        "created_at": "2026-06-02T17:15:34.793Z"
    }
},
{
    "model": "admin.logentry",
    "pk": 1,
    "fields": {
        "action_time": "2026-05-28T15:38:16.040Z",
        "user": [
            "super"
        ],
        "content_type": [
            "shop",
            "category"
        ],
        "object_id": "1",
        "object_repr": "Книги (books)",
        "action_flag": 1,
        "change_message": "[{\"added\": {}}]"
    }
},
{
    "model": "admin.logentry",
    "pk": 2,
    "fields": {
        "action_time": "2026-05-28T15:38:47.228Z",
        "user": [
            "super"
        ],
        "content_type": [
            "shop",
            "category"
        ],
        "object_id": "2",
        "object_repr": "Плакаты Огулова А.Т. (posters)",
        "action_flag": 1,
        "change_message": "[{\"added\": {}}]"
    }
},
{
    "model": "admin.logentry",
    "pk": 3,
    "fields": {
        "action_time": "2026-05-28T15:39:08.310Z",
        "user": [
            "super"
        ],
        "content_type": [
            "shop",
            "category"
        ],
        "object_id": "3",
        "object_repr": "Микросферы (microsphers)",
        "action_flag": 1,
        "change_message": "[{\"added\": {}}]"
    }
},
{
    "model": "admin.logentry",
    "pk": 4,
    "fields": {
        "action_time": "2026-05-28T15:39:25.814Z",
        "user": [
            "super"
        ],
        "content_type": [
            "shop",
            "category"
        ],
        "object_id": "4",
        "object_repr": "Устройство очистки ПВВК (pvvk)",
        "action_flag": 1,
        "change_message": "[{\"added\": {}}]"
    }
},
{
    "model": "admin.logentry",
    "pk": 5,
    "fields": {
        "action_time": "2026-05-28T15:39:46.867Z",
        "user": [
            "super"
        ],
        "content_type": [
            "shop",
            "category"
        ],
        "object_id": "5",
        "object_repr": "Скребки/Массажеры (scrabs)",
        "action_flag": 1,
        "change_message": "[{\"added\": {}}]"
    }
},
{
    "model": "admin.logentry",
    "pk": 6,
    "fields": {
        "action_time": "2026-05-28T15:40:15.078Z",
        "user": [
            "super"
        ],
        "content_type": [
            "shop",
            "category"
        ],
        "object_id": "6",
        "object_repr": "Банки (banks)",
        "action_flag": 1,
        "change_message": "[{\"added\": {}}]"
    }
},
{
    "model": "admin.logentry",
    "pk": 7,
    "fields": {
        "action_time": "2026-05-28T15:40:35.109Z",
        "user": [
            "super"
        ],
        "content_type": [
            "shop",
            "category"
        ],
        "object_id": "7",
        "object_repr": "Остальные категории (others)",
        "action_flag": 1,
        "change_message": "[{\"added\": {}}]"
    }
},
{
    "model": "admin.logentry",
    "pk": 8,
    "fields": {
        "action_time": "2026-05-28T15:41:02.725Z",
        "user": [
            "super"
        ],
        "content_type": [
            "shop",
            "category"
        ],
        "object_id": "8",
        "object_repr": "Пищевые добавки/БАД (bady)",
        "action_flag": 1,
        "change_message": "[{\"added\": {}}]"
    }
},
{
    "model": "admin.logentry",
    "pk": 9,
    "fields": {
        "action_time": "2026-05-28T15:41:32.094Z",
        "user": [
            "super"
        ],
        "content_type": [
            "shop",
            "category"
        ],
        "object_id": "9",
        "object_repr": "Фульво-гуминовые комплексы (bady-fulvo)",
        "action_flag": 1,
        "change_message": "[{\"added\": {}}]"
    }
},
{
    "model": "admin.logentry",
    "pk": 10,
    "fields": {
        "action_time": "2026-05-28T15:41:51.118Z",
        "user": [
            "super"
        ],
        "content_type": [
            "shop",
            "category"
        ],
        "object_id": "10",
        "object_repr": "Мужское и женское здоровье (bady-health)",
        "action_flag": 1,
        "change_message": "[{\"added\": {}}]"
    }
},
{
    "model": "admin.logentry",
    "pk": 11,
    "fields": {
        "action_time": "2026-05-28T15:42:36.158Z",
        "user": [
            "super"
        ],
        "content_type": [
            "shop",
            "category"
        ],
        "object_id": "11",
        "object_repr": "VITAUCT (bady-vitauct)",
        "action_flag": 1,
        "change_message": "[{\"added\": {}}]"
    }
},
{
    "model": "admin.logentry",
    "pk": 12,
    "fields": {
        "action_time": "2026-05-28T15:43:12.242Z",
        "user": [
            "super"
        ],
        "content_type": [
            "shop",
            "category"
        ],
        "object_id": "12",
        "object_repr": "Сила пчелы (bady-bee-power)",
        "action_flag": 1,
        "change_message": "[{\"added\": {}}]"
    }
},
{
    "model": "admin.logentry",
    "pk": 13,
    "fields": {
        "action_time": "2026-05-28T15:43:47.276Z",
        "user": [
            "super"
        ],
        "content_type": [
            "shop",
            "category"
        ],
        "object_id": "13",
        "object_repr": "Травы и мёд (bady-herb-honey)",
        "action_flag": 1,
        "change_message": "[{\"added\": {}}]"
    }
},
{
    "model": "admin.logentry",
    "pk": 14,
    "fields": {
        "action_time": "2026-05-28T15:44:11.873Z",
        "user": [
            "super"
        ],
        "content_type": [
            "shop",
            "category"
        ],
        "object_id": "14",
        "object_repr": "Чай (bady-tea)",
        "action_flag": 1,
        "change_message": "[{\"added\": {}}]"
    }
},
{
    "model": "admin.logentry",
    "pk": 15,
    "fields": {
        "action_time": "2026-05-28T15:44:24.695Z",
        "user": [
            "super"
        ],
        "content_type": [
            "shop",
            "category"
        ],
        "object_id": "10",
        "object_repr": "Мужское и женское здоровье (bady-health)",
        "action_flag": 2,
        "change_message": "[{\"changed\": {\"fields\": [\"\\u0420\\u043e\\u0434\\u0438\\u0442\\u0435\\u043b\\u044c\\u0441\\u043a\\u0430\\u044f \\u043a\\u0430\\u0442\\u0435\\u0433\\u043e\\u0440\\u0438\\u044f\"]}}]"
    }
},
{
    "model": "admin.logentry",
    "pk": 16,
    "fields": {
        "action_time": "2026-05-28T16:22:16.516Z",
        "user": [
            "super"
        ],
        "content_type": [
            "shop",
            "product"
        ],
        "object_id": "1",
        "object_repr": "Бутылка-термос ПВВК (Арт. 2077)",
        "action_flag": 1,
        "change_message": "[{\"added\": {}}, {\"added\": {\"name\": \"\\u0414\\u043e\\u043f\\u043e\\u043b\\u043d\\u0438\\u0442\\u0435\\u043b\\u044c\\u043d\\u043e\\u0435 \\u0444\\u043e\\u0442\\u043e \\u0442\\u043e\\u0432\\u0430\\u0440\\u0430\", \"object\": \"ProductImage object (1)\"}}, {\"added\": {\"name\": \"\\u0414\\u043e\\u043f\\u043e\\u043b\\u043d\\u0438\\u0442\\u0435\\u043b\\u044c\\u043d\\u043e\\u0435 \\u0444\\u043e\\u0442\\u043e \\u0442\\u043e\\u0432\\u0430\\u0440\\u0430\", \"object\": \"ProductImage object (2)\"}}]"
    }
},
{
    "model": "admin.logentry",
    "pk": 17,
    "fields": {
        "action_time": "2026-05-28T16:24:40.835Z",
        "user": [
            "super"
        ],
        "content_type": [
            "shop",
            "product"
        ],
        "object_id": "2",
        "object_repr": "Подушка для структурирования с наполнителем из микросфер (Арт. 2155)",
        "action_flag": 1,
        "change_message": "[{\"added\": {}}, {\"added\": {\"name\": \"\\u0414\\u043e\\u043f\\u043e\\u043b\\u043d\\u0438\\u0442\\u0435\\u043b\\u044c\\u043d\\u043e\\u0435 \\u0444\\u043e\\u0442\\u043e \\u0442\\u043e\\u0432\\u0430\\u0440\\u0430\", \"object\": \"ProductImage object (3)\"}}]"
    }
},
{
    "model": "admin.logentry",
    "pk": 18,
    "fields": {
        "action_time": "2026-05-28T16:27:09.697Z",
        "user": [
            "super"
        ],
        "content_type": [
            "shop",
            "product"
        ],
        "object_id": "3",
        "object_repr": "Тысячелистник трава, 50 г (Арт. 1540)",
        "action_flag": 1,
        "change_message": "[{\"added\": {}}]"
    }
},
{
    "model": "admin.logentry",
    "pk": 19,
    "fields": {
        "action_time": "2026-05-28T16:29:28.425Z",
        "user": [
            "super"
        ],
        "content_type": [
            "shop",
            "product"
        ],
        "object_id": "4",
        "object_repr": "Плакат 3 в 1",
        "action_flag": 1,
        "change_message": "[{\"added\": {}}, {\"added\": {\"name\": \"\\u0414\\u043e\\u043f\\u043e\\u043b\\u043d\\u0438\\u0442\\u0435\\u043b\\u044c\\u043d\\u043e\\u0435 \\u0444\\u043e\\u0442\\u043e \\u0442\\u043e\\u0432\\u0430\\u0440\\u0430\", \"object\": \"ProductImage object (4)\"}}]"
    }
},
{
    "model": "admin.logentry",
    "pk": 20,
    "fields": {
        "action_time": "2026-05-28T16:31:37.581Z",
        "user": [
            "super"
        ],
        "content_type": [
            "shop",
            "product"
        ],
        "object_id": "5",
        "object_repr": "Пластырь \"Витон\"",
        "action_flag": 1,
        "change_message": "[{\"added\": {}}]"
    }
},
{
    "model": "admin.logentry",
    "pk": 21,
    "fields": {
        "action_time": "2026-05-28T16:38:48.456Z",
        "user": [
            "super"
        ],
        "content_type": [
            "shop",
            "product"
        ],
        "object_id": "1",
        "object_repr": "Бутылка-термос ПВВК (Арт. 2077)",
        "action_flag": 2,
        "change_message": "[{\"changed\": {\"fields\": [\"ID \\u0442\\u043e\\u0432\\u0430\\u0440\\u0430 (\\u043d\\u0430\\u043f\\u0440\\u0438\\u043c\\u0435\\u0440, banks-1)\", \"\\u041a\\u0430\\u0442\\u0435\\u0433\\u043e\\u0440\\u0438\\u044f\"]}}]"
    }
},
{
    "model": "admin.logentry",
    "pk": 22,
    "fields": {
        "action_time": "2026-05-28T16:39:47.978Z",
        "user": [
            "super"
        ],
        "content_type": [
            "shop",
            "product"
        ],
        "object_id": "5",
        "object_repr": "Пластырь \"Витон\"",
        "action_flag": 2,
        "change_message": "[{\"changed\": {\"fields\": [\"\\u0422\\u0435\\u043a\\u0443\\u0449\\u0430\\u044f \\u0446\\u0435\\u043d\\u0430 (\\u0447\\u0438\\u0441\\u043b\\u043e\\u043c)\", \"\\u0421\\u0442\\u0430\\u0440\\u0430\\u044f \\u0446\\u0435\\u043d\\u0430 (\\u0435\\u0441\\u043b\\u0438 \\u0435\\u0441\\u0442\\u044c)\"]}}]"
    }
},
{
    "model": "admin.logentry",
    "pk": 23,
    "fields": {
        "action_time": "2026-05-28T16:40:59.566Z",
        "user": [
            "super"
        ],
        "content_type": [
            "shop",
            "product"
        ],
        "object_id": "3",
        "object_repr": "Тысячелистник трава, 50 г (Арт. 1540)",
        "action_flag": 2,
        "change_message": "[{\"changed\": {\"fields\": [\"\\u0422\\u0435\\u043a\\u0443\\u0449\\u0430\\u044f \\u0446\\u0435\\u043d\\u0430 (\\u0447\\u0438\\u0441\\u043b\\u043e\\u043c)\", \"\\u0421\\u0442\\u0430\\u0440\\u0430\\u044f \\u0446\\u0435\\u043d\\u0430 (\\u0435\\u0441\\u043b\\u0438 \\u0435\\u0441\\u0442\\u044c)\"]}}]"
    }
},
{
    "model": "admin.logentry",
    "pk": 24,
    "fields": {
        "action_time": "2026-05-29T10:07:19.643Z",
        "user": [
            "super"
        ],
        "content_type": [
            "shop",
            "product"
        ],
        "object_id": "1",
        "object_repr": "Бутылка-термос ПВВК (Арт. 2077)",
        "action_flag": 2,
        "change_message": "[{\"changed\": {\"fields\": [\"\\u0425\\u0438\\u0442 \\u043f\\u0440\\u043e\\u0434\\u0430\\u0436\", \"\\u0420\\u0435\\u043a\\u043e\\u043c\\u0435\\u043d\\u0434\\u043e\\u0432\\u0430\\u043d\\u043d\\u043e\", \"\\u041d\\u043e\\u0432\\u0438\\u043d\\u043a\\u0430\"]}}]"
    }
},
{
    "model": "admin.logentry",
    "pk": 25,
    "fields": {
        "action_time": "2026-05-29T10:11:40.251Z",
        "user": [
            "super"
        ],
        "content_type": [
            "shop",
            "product"
        ],
        "object_id": "1",
        "object_repr": "Бутылка-термос ПВВК (Арт. 2077)",
        "action_flag": 2,
        "change_message": "[{\"changed\": {\"fields\": [\"\\u0420\\u0435\\u043a\\u043e\\u043c\\u0435\\u043d\\u0434\\u043e\\u0432\\u0430\\u043d\\u043d\\u043e\", \"\\u041d\\u043e\\u0432\\u0438\\u043d\\u043a\\u0430\"]}}]"
    }
},
{
    "model": "admin.logentry",
    "pk": 26,
    "fields": {
        "action_time": "2026-05-29T17:24:29.107Z",
        "user": [
            "super"
        ],
        "content_type": [
            "shop",
            "product"
        ],
        "object_id": "1",
        "object_repr": "Бутылка-термос ПВВК (Арт. 2077)",
        "action_flag": 2,
        "change_message": "[]"
    }
},
{
    "model": "admin.logentry",
    "pk": 27,
    "fields": {
        "action_time": "2026-05-30T18:04:18.265Z",
        "user": [
            "super"
        ],
        "content_type": [
            "clinic",
            "doctor"
        ],
        "object_id": "1",
        "object_repr": "Огулов Александр Тимофеевич",
        "action_flag": 1,
        "change_message": "[{\"added\": {}}]"
    }
},
{
    "model": "admin.logentry",
    "pk": 28,
    "fields": {
        "action_time": "2026-05-30T18:05:47.240Z",
        "user": [
            "super"
        ],
        "content_type": [
            "clinic",
            "doctor"
        ],
        "object_id": "2",
        "object_repr": "Смирнов Константин Анатольевич",
        "action_flag": 1,
        "change_message": "[{\"added\": {}}]"
    }
},
{
    "model": "admin.logentry",
    "pk": 29,
    "fields": {
        "action_time": "2026-05-30T18:07:08.287Z",
        "user": [
            "super"
        ],
        "content_type": [
            "clinic",
            "doctor"
        ],
        "object_id": "3",
        "object_repr": "Мерзлов Владимир Васильевич",
        "action_flag": 1,
        "change_message": "[{\"added\": {}}]"
    }
},
{
    "model": "admin.logentry",
    "pk": 30,
    "fields": {
        "action_time": "2026-05-30T18:08:01.736Z",
        "user": [
            "super"
        ],
        "content_type": [
            "clinic",
            "doctor"
        ],
        "object_id": "4",
        "object_repr": "Белов Игорь Александрович",
        "action_flag": 1,
        "change_message": "[{\"added\": {}}]"
    }
},
{
    "model": "admin.logentry",
    "pk": 31,
    "fields": {
        "action_time": "2026-05-30T18:08:55.025Z",
        "user": [
            "super"
        ],
        "content_type": [
            "clinic",
            "doctor"
        ],
        "object_id": "5",
        "object_repr": "Калилова Роза Ниязбековна",
        "action_flag": 1,
        "change_message": "[{\"added\": {}}]"
    }
},
{
    "model": "admin.logentry",
    "pk": 32,
    "fields": {
        "action_time": "2026-05-30T18:09:53.995Z",
        "user": [
            "super"
        ],
        "content_type": [
            "clinic",
            "doctor"
        ],
        "object_id": "6",
        "object_repr": "Колбина Татьяна Владимировна",
        "action_flag": 1,
        "change_message": "[{\"added\": {}}]"
    }
},
{
    "model": "admin.logentry",
    "pk": 33,
    "fields": {
        "action_time": "2026-05-30T18:11:26.948Z",
        "user": [
            "super"
        ],
        "content_type": [
            "clinic",
            "doctor"
        ],
        "object_id": "7",
        "object_repr": "Корчма Лидия Ивановна",
        "action_flag": 1,
        "change_message": "[{\"added\": {}}]"
    }
},
{
    "model": "admin.logentry",
    "pk": 34,
    "fields": {
        "action_time": "2026-05-30T18:25:56.819Z",
        "user": [
            "super"
        ],
        "content_type": [
            "clinic",
            "medicalmethod"
        ],
        "object_id": "1",
        "object_repr": "Висцеральная практика",
        "action_flag": 1,
        "change_message": "[{\"added\": {}}, {\"added\": {\"name\": \"\\u0424\\u043e\\u0442\\u043e\\u0433\\u0440\\u0430\\u0444\\u0438\\u044f \\u0433\\u0430\\u043b\\u0435\\u0440\\u0435\\u0438\", \"object\": \"\\u0424\\u043e\\u0442\\u043e \\u0434\\u043b\\u044f \\u043c\\u0435\\u0442\\u043e\\u0434\\u0438\\u043a\\u0438: \\u0412\\u0438\\u0441\\u0446\\u0435\\u0440\\u0430\\u043b\\u044c\\u043d\\u0430\\u044f \\u043f\\u0440\\u0430\\u043a\\u0442\\u0438\\u043a\\u0430\"}}, {\"added\": {\"name\": \"\\u0424\\u043e\\u0442\\u043e\\u0433\\u0440\\u0430\\u0444\\u0438\\u044f \\u0433\\u0430\\u043b\\u0435\\u0440\\u0435\\u0438\", \"object\": \"\\u0424\\u043e\\u0442\\u043e \\u0434\\u043b\\u044f \\u043c\\u0435\\u0442\\u043e\\u0434\\u0438\\u043a\\u0438: \\u0412\\u0438\\u0441\\u0446\\u0435\\u0440\\u0430\\u043b\\u044c\\u043d\\u0430\\u044f \\u043f\\u0440\\u0430\\u043a\\u0442\\u0438\\u043a\\u0430\"}}, {\"added\": {\"name\": \"\\u0424\\u043e\\u0442\\u043e\\u0433\\u0440\\u0430\\u0444\\u0438\\u044f \\u0433\\u0430\\u043b\\u0435\\u0440\\u0435\\u0438\", \"object\": \"\\u0424\\u043e\\u0442\\u043e \\u0434\\u043b\\u044f \\u043c\\u0435\\u0442\\u043e\\u0434\\u0438\\u043a\\u0438: \\u0412\\u0438\\u0441\\u0446\\u0435\\u0440\\u0430\\u043b\\u044c\\u043d\\u0430\\u044f \\u043f\\u0440\\u0430\\u043a\\u0442\\u0438\\u043a\\u0430\"}}]"
    }
},
{
    "model": "admin.logentry",
    "pk": 35,
    "fields": {
        "action_time": "2026-05-30T18:28:39.820Z",
        "user": [
            "super"
        ],
        "content_type": [
            "clinic",
            "doctor"
        ],
        "object_id": "1",
        "object_repr": "Огулов Александр Тимофеевич",
        "action_flag": 2,
        "change_message": "[{\"changed\": {\"fields\": [\"\\u041f\\u0440\\u0430\\u043a\\u0442\\u0438\\u043a\\u0443\\u0435\\u043c\\u044b\\u0435 \\u043c\\u0435\\u0442\\u043e\\u0434\\u0438\\u043a\\u0438\"]}}]"
    }
},
{
    "model": "admin.logentry",
    "pk": 36,
    "fields": {
        "action_time": "2026-05-30T18:30:11.556Z",
        "user": [
            "super"
        ],
        "content_type": [
            "clinic",
            "doctor"
        ],
        "object_id": "2",
        "object_repr": "Смирнов Константин Анатольевич",
        "action_flag": 2,
        "change_message": "[]"
    }
},
{
    "model": "admin.logentry",
    "pk": 37,
    "fields": {
        "action_time": "2026-05-30T18:36:56.980Z",
        "user": [
            "super"
        ],
        "content_type": [
            "clinic",
            "medicalmethod"
        ],
        "object_id": "2",
        "object_repr": "Оздоровление пчелами",
        "action_flag": 1,
        "change_message": "[{\"added\": {}}, {\"added\": {\"name\": \"\\u0424\\u043e\\u0442\\u043e\\u0433\\u0440\\u0430\\u0444\\u0438\\u044f \\u0433\\u0430\\u043b\\u0435\\u0440\\u0435\\u0438\", \"object\": \"\\u0424\\u043e\\u0442\\u043e \\u0434\\u043b\\u044f \\u043c\\u0435\\u0442\\u043e\\u0434\\u0438\\u043a\\u0438: \\u041e\\u0437\\u0434\\u043e\\u0440\\u043e\\u0432\\u043b\\u0435\\u043d\\u0438\\u0435 \\u043f\\u0447\\u0435\\u043b\\u0430\\u043c\\u0438\"}}, {\"added\": {\"name\": \"\\u0424\\u043e\\u0442\\u043e\\u0433\\u0440\\u0430\\u0444\\u0438\\u044f \\u0433\\u0430\\u043b\\u0435\\u0440\\u0435\\u0438\", \"object\": \"\\u0424\\u043e\\u0442\\u043e \\u0434\\u043b\\u044f \\u043c\\u0435\\u0442\\u043e\\u0434\\u0438\\u043a\\u0438: \\u041e\\u0437\\u0434\\u043e\\u0440\\u043e\\u0432\\u043b\\u0435\\u043d\\u0438\\u0435 \\u043f\\u0447\\u0435\\u043b\\u0430\\u043c\\u0438\"}}]"
    }
},
{
    "model": "admin.logentry",
    "pk": 38,
    "fields": {
        "action_time": "2026-05-30T18:49:53.600Z",
        "user": [
            "super"
        ],
        "content_type": [
            "clinic",
            "doctor"
        ],
        "object_id": "1",
        "object_repr": "Огулов Александр Тимофеевич",
        "action_flag": 2,
        "change_message": "[]"
    }
},
{
    "model": "admin.logentry",
    "pk": 39,
    "fields": {
        "action_time": "2026-05-30T18:50:35.403Z",
        "user": [
            "super"
        ],
        "content_type": [
            "clinic",
            "doctor"
        ],
        "object_id": "5",
        "object_repr": "Калилова Роза Ниязбековна",
        "action_flag": 2,
        "change_message": "[]"
    }
},
{
    "model": "admin.logentry",
    "pk": 40,
    "fields": {
        "action_time": "2026-05-31T02:24:13.337Z",
        "user": [
            "super"
        ],
        "content_type": [
            "clinic",
            "medicalmethod"
        ],
        "object_id": "3",
        "object_repr": "Скребковый массаж Гуаша",
        "action_flag": 1,
        "change_message": "[{\"added\": {}}, {\"added\": {\"name\": \"\\u0424\\u043e\\u0442\\u043e\\u0433\\u0440\\u0430\\u0444\\u0438\\u044f \\u0433\\u0430\\u043b\\u0435\\u0440\\u0435\\u0438\", \"object\": \"\\u0424\\u043e\\u0442\\u043e \\u0434\\u043b\\u044f \\u043c\\u0435\\u0442\\u043e\\u0434\\u0438\\u043a\\u0438: \\u0421\\u043a\\u0440\\u0435\\u0431\\u043a\\u043e\\u0432\\u044b\\u0439 \\u043c\\u0430\\u0441\\u0441\\u0430\\u0436 \\u0413\\u0443\\u0430\\u0448\\u0430\"}}, {\"added\": {\"name\": \"\\u0424\\u043e\\u0442\\u043e\\u0433\\u0440\\u0430\\u0444\\u0438\\u044f \\u0433\\u0430\\u043b\\u0435\\u0440\\u0435\\u0438\", \"object\": \"\\u0424\\u043e\\u0442\\u043e \\u0434\\u043b\\u044f \\u043c\\u0435\\u0442\\u043e\\u0434\\u0438\\u043a\\u0438: \\u0421\\u043a\\u0440\\u0435\\u0431\\u043a\\u043e\\u0432\\u044b\\u0439 \\u043c\\u0430\\u0441\\u0441\\u0430\\u0436 \\u0413\\u0443\\u0430\\u0448\\u0430\"}}, {\"added\": {\"name\": \"\\u0424\\u043e\\u0442\\u043e\\u0433\\u0440\\u0430\\u0444\\u0438\\u044f \\u0433\\u0430\\u043b\\u0435\\u0440\\u0435\\u0438\", \"object\": \"\\u0424\\u043e\\u0442\\u043e \\u0434\\u043b\\u044f \\u043c\\u0435\\u0442\\u043e\\u0434\\u0438\\u043a\\u0438: \\u0421\\u043a\\u0440\\u0435\\u0431\\u043a\\u043e\\u0432\\u044b\\u0439 \\u043c\\u0430\\u0441\\u0441\\u0430\\u0436 \\u0413\\u0443\\u0430\\u0448\\u0430\"}}]"
    }
},
{
    "model": "admin.logentry",
    "pk": 41,
    "fields": {
        "action_time": "2026-05-31T02:25:51.118Z",
        "user": [
            "super"
        ],
        "content_type": [
            "clinic",
            "medicalmethod"
        ],
        "object_id": "4",
        "object_repr": "Вакуумная баночная практика",
        "action_flag": 1,
        "change_message": "[{\"added\": {}}, {\"added\": {\"name\": \"\\u0424\\u043e\\u0442\\u043e\\u0433\\u0440\\u0430\\u0444\\u0438\\u044f \\u0433\\u0430\\u043b\\u0435\\u0440\\u0435\\u0438\", \"object\": \"\\u0424\\u043e\\u0442\\u043e \\u0434\\u043b\\u044f \\u043c\\u0435\\u0442\\u043e\\u0434\\u0438\\u043a\\u0438: \\u0412\\u0430\\u043a\\u0443\\u0443\\u043c\\u043d\\u0430\\u044f \\u0431\\u0430\\u043d\\u043e\\u0447\\u043d\\u0430\\u044f \\u043f\\u0440\\u0430\\u043a\\u0442\\u0438\\u043a\\u0430\"}}]"
    }
},
{
    "model": "admin.logentry",
    "pk": 42,
    "fields": {
        "action_time": "2026-05-31T02:27:46.264Z",
        "user": [
            "super"
        ],
        "content_type": [
            "clinic",
            "medicalmethod"
        ],
        "object_id": "5",
        "object_repr": "Оздоровление травами (фитотерапия)",
        "action_flag": 1,
        "change_message": "[{\"added\": {}}, {\"added\": {\"name\": \"\\u0424\\u043e\\u0442\\u043e\\u0433\\u0440\\u0430\\u0444\\u0438\\u044f \\u0433\\u0430\\u043b\\u0435\\u0440\\u0435\\u0438\", \"object\": \"\\u0424\\u043e\\u0442\\u043e \\u0434\\u043b\\u044f \\u043c\\u0435\\u0442\\u043e\\u0434\\u0438\\u043a\\u0438: \\u041e\\u0437\\u0434\\u043e\\u0440\\u043e\\u0432\\u043b\\u0435\\u043d\\u0438\\u0435 \\u0442\\u0440\\u0430\\u0432\\u0430\\u043c\\u0438 (\\u0444\\u0438\\u0442\\u043e\\u0442\\u0435\\u0440\\u0430\\u043f\\u0438\\u044f)\"}}, {\"added\": {\"name\": \"\\u0424\\u043e\\u0442\\u043e\\u0433\\u0440\\u0430\\u0444\\u0438\\u044f \\u0433\\u0430\\u043b\\u0435\\u0440\\u0435\\u0438\", \"object\": \"\\u0424\\u043e\\u0442\\u043e \\u0434\\u043b\\u044f \\u043c\\u0435\\u0442\\u043e\\u0434\\u0438\\u043a\\u0438: \\u041e\\u0437\\u0434\\u043e\\u0440\\u043e\\u0432\\u043b\\u0435\\u043d\\u0438\\u0435 \\u0442\\u0440\\u0430\\u0432\\u0430\\u043c\\u0438 (\\u0444\\u0438\\u0442\\u043e\\u0442\\u0435\\u0440\\u0430\\u043f\\u0438\\u044f)\"}}, {\"added\": {\"name\": \"\\u0424\\u043e\\u0442\\u043e\\u0433\\u0440\\u0430\\u0444\\u0438\\u044f \\u0433\\u0430\\u043b\\u0435\\u0440\\u0435\\u0438\", \"object\": \"\\u0424\\u043e\\u0442\\u043e \\u0434\\u043b\\u044f \\u043c\\u0435\\u0442\\u043e\\u0434\\u0438\\u043a\\u0438: \\u041e\\u0437\\u0434\\u043e\\u0440\\u043e\\u0432\\u043b\\u0435\\u043d\\u0438\\u0435 \\u0442\\u0440\\u0430\\u0432\\u0430\\u043c\\u0438 (\\u0444\\u0438\\u0442\\u043e\\u0442\\u0435\\u0440\\u0430\\u043f\\u0438\\u044f)\"}}]"
    }
},
{
    "model": "admin.logentry",
    "pk": 43,
    "fields": {
        "action_time": "2026-05-31T02:30:00.077Z",
        "user": [
            "super"
        ],
        "content_type": [
            "clinic",
            "medicalmethod"
        ],
        "object_id": "6",
        "object_repr": "Вибрационный массаж",
        "action_flag": 1,
        "change_message": "[{\"added\": {}}, {\"added\": {\"name\": \"\\u0424\\u043e\\u0442\\u043e\\u0433\\u0440\\u0430\\u0444\\u0438\\u044f \\u0433\\u0430\\u043b\\u0435\\u0440\\u0435\\u0438\", \"object\": \"\\u0424\\u043e\\u0442\\u043e \\u0434\\u043b\\u044f \\u043c\\u0435\\u0442\\u043e\\u0434\\u0438\\u043a\\u0438: \\u0412\\u0438\\u0431\\u0440\\u0430\\u0446\\u0438\\u043e\\u043d\\u043d\\u044b\\u0439 \\u043c\\u0430\\u0441\\u0441\\u0430\\u0436\"}}, {\"added\": {\"name\": \"\\u0424\\u043e\\u0442\\u043e\\u0433\\u0440\\u0430\\u0444\\u0438\\u044f \\u0433\\u0430\\u043b\\u0435\\u0440\\u0435\\u0438\", \"object\": \"\\u0424\\u043e\\u0442\\u043e \\u0434\\u043b\\u044f \\u043c\\u0435\\u0442\\u043e\\u0434\\u0438\\u043a\\u0438: \\u0412\\u0438\\u0431\\u0440\\u0430\\u0446\\u0438\\u043e\\u043d\\u043d\\u044b\\u0439 \\u043c\\u0430\\u0441\\u0441\\u0430\\u0436\"}}, {\"added\": {\"name\": \"\\u0424\\u043e\\u0442\\u043e\\u0433\\u0440\\u0430\\u0444\\u0438\\u044f \\u0433\\u0430\\u043b\\u0435\\u0440\\u0435\\u0438\", \"object\": \"\\u0424\\u043e\\u0442\\u043e \\u0434\\u043b\\u044f \\u043c\\u0435\\u0442\\u043e\\u0434\\u0438\\u043a\\u0438: \\u0412\\u0438\\u0431\\u0440\\u0430\\u0446\\u0438\\u043e\\u043d\\u043d\\u044b\\u0439 \\u043c\\u0430\\u0441\\u0441\\u0430\\u0436\"}}, {\"added\": {\"name\": \"\\u0424\\u043e\\u0442\\u043e\\u0433\\u0440\\u0430\\u0444\\u0438\\u044f \\u0433\\u0430\\u043b\\u0435\\u0440\\u0435\\u0438\", \"object\": \"\\u0424\\u043e\\u0442\\u043e \\u0434\\u043b\\u044f \\u043c\\u0435\\u0442\\u043e\\u0434\\u0438\\u043a\\u0438: \\u0412\\u0438\\u0431\\u0440\\u0430\\u0446\\u0438\\u043e\\u043d\\u043d\\u044b\\u0439 \\u043c\\u0430\\u0441\\u0441\\u0430\\u0436\"}}]"
    }
},
{
    "model": "admin.logentry",
    "pk": 44,
    "fields": {
        "action_time": "2026-05-31T02:31:55.792Z",
        "user": [
            "super"
        ],
        "content_type": [
            "clinic",
            "medicalmethod"
        ],
        "object_id": "7",
        "object_repr": "Мануальная терапия",
        "action_flag": 1,
        "change_message": "[{\"added\": {}}, {\"added\": {\"name\": \"\\u0424\\u043e\\u0442\\u043e\\u0433\\u0440\\u0430\\u0444\\u0438\\u044f \\u0433\\u0430\\u043b\\u0435\\u0440\\u0435\\u0438\", \"object\": \"\\u0424\\u043e\\u0442\\u043e \\u0434\\u043b\\u044f \\u043c\\u0435\\u0442\\u043e\\u0434\\u0438\\u043a\\u0438: \\u041c\\u0430\\u043d\\u0443\\u0430\\u043b\\u044c\\u043d\\u0430\\u044f \\u0442\\u0435\\u0440\\u0430\\u043f\\u0438\\u044f\"}}, {\"added\": {\"name\": \"\\u0424\\u043e\\u0442\\u043e\\u0433\\u0440\\u0430\\u0444\\u0438\\u044f \\u0433\\u0430\\u043b\\u0435\\u0440\\u0435\\u0438\", \"object\": \"\\u0424\\u043e\\u0442\\u043e \\u0434\\u043b\\u044f \\u043c\\u0435\\u0442\\u043e\\u0434\\u0438\\u043a\\u0438: \\u041c\\u0430\\u043d\\u0443\\u0430\\u043b\\u044c\\u043d\\u0430\\u044f \\u0442\\u0435\\u0440\\u0430\\u043f\\u0438\\u044f\"}}, {\"added\": {\"name\": \"\\u0424\\u043e\\u0442\\u043e\\u0433\\u0440\\u0430\\u0444\\u0438\\u044f \\u0433\\u0430\\u043b\\u0435\\u0440\\u0435\\u0438\", \"object\": \"\\u0424\\u043e\\u0442\\u043e \\u0434\\u043b\\u044f \\u043c\\u0435\\u0442\\u043e\\u0434\\u0438\\u043a\\u0438: \\u041c\\u0430\\u043d\\u0443\\u0430\\u043b\\u044c\\u043d\\u0430\\u044f \\u0442\\u0435\\u0440\\u0430\\u043f\\u0438\\u044f\"}}, {\"added\": {\"name\": \"\\u0424\\u043e\\u0442\\u043e\\u0433\\u0440\\u0430\\u0444\\u0438\\u044f \\u0433\\u0430\\u043b\\u0435\\u0440\\u0435\\u0438\", \"object\": \"\\u0424\\u043e\\u0442\\u043e \\u0434\\u043b\\u044f \\u043c\\u0435\\u0442\\u043e\\u0434\\u0438\\u043a\\u0438: \\u041c\\u0430\\u043d\\u0443\\u0430\\u043b\\u044c\\u043d\\u0430\\u044f \\u0442\\u0435\\u0440\\u0430\\u043f\\u0438\\u044f\"}}]"
    }
},
{
    "model": "admin.logentry",
    "pk": 45,
    "fields": {
        "action_time": "2026-05-31T02:33:34.852Z",
        "user": [
            "super"
        ],
        "content_type": [
            "clinic",
            "medicalmethod"
        ],
        "object_id": "8",
        "object_repr": "Лимфодренажные техники",
        "action_flag": 1,
        "change_message": "[{\"added\": {}}, {\"added\": {\"name\": \"\\u0424\\u043e\\u0442\\u043e\\u0433\\u0440\\u0430\\u0444\\u0438\\u044f \\u0433\\u0430\\u043b\\u0435\\u0440\\u0435\\u0438\", \"object\": \"\\u0424\\u043e\\u0442\\u043e \\u0434\\u043b\\u044f \\u043c\\u0435\\u0442\\u043e\\u0434\\u0438\\u043a\\u0438: \\u041b\\u0438\\u043c\\u0444\\u043e\\u0434\\u0440\\u0435\\u043d\\u0430\\u0436\\u043d\\u044b\\u0435 \\u0442\\u0435\\u0445\\u043d\\u0438\\u043a\\u0438\"}}, {\"added\": {\"name\": \"\\u0424\\u043e\\u0442\\u043e\\u0433\\u0440\\u0430\\u0444\\u0438\\u044f \\u0433\\u0430\\u043b\\u0435\\u0440\\u0435\\u0438\", \"object\": \"\\u0424\\u043e\\u0442\\u043e \\u0434\\u043b\\u044f \\u043c\\u0435\\u0442\\u043e\\u0434\\u0438\\u043a\\u0438: \\u041b\\u0438\\u043c\\u0444\\u043e\\u0434\\u0440\\u0435\\u043d\\u0430\\u0436\\u043d\\u044b\\u0435 \\u0442\\u0435\\u0445\\u043d\\u0438\\u043a\\u0438\"}}, {\"added\": {\"name\": \"\\u0424\\u043e\\u0442\\u043e\\u0433\\u0440\\u0430\\u0444\\u0438\\u044f \\u0433\\u0430\\u043b\\u0435\\u0440\\u0435\\u0438\", \"object\": \"\\u0424\\u043e\\u0442\\u043e \\u0434\\u043b\\u044f \\u043c\\u0435\\u0442\\u043e\\u0434\\u0438\\u043a\\u0438: \\u041b\\u0438\\u043c\\u0444\\u043e\\u0434\\u0440\\u0435\\u043d\\u0430\\u0436\\u043d\\u044b\\u0435 \\u0442\\u0435\\u0445\\u043d\\u0438\\u043a\\u0438\"}}]"
    }
},
{
    "model": "admin.logentry",
    "pk": 46,
    "fields": {
        "action_time": "2026-05-31T02:33:59.446Z",
        "user": [
            "super"
        ],
        "content_type": [
            "clinic",
            "doctor"
        ],
        "object_id": "1",
        "object_repr": "Огулов Александр Тимофеевич",
        "action_flag": 2,
        "change_message": "[{\"changed\": {\"fields\": [\"\\u041f\\u0440\\u0430\\u043a\\u0442\\u0438\\u043a\\u0443\\u0435\\u043c\\u044b\\u0435 \\u043c\\u0435\\u0442\\u043e\\u0434\\u0438\\u043a\\u0438\"]}}]"
    }
},
{
    "model": "admin.logentry",
    "pk": 47,
    "fields": {
        "action_time": "2026-05-31T02:34:23.101Z",
        "user": [
            "super"
        ],
        "content_type": [
            "clinic",
            "doctor"
        ],
        "object_id": "2",
        "object_repr": "Смирнов Константин Анатольевич",
        "action_flag": 2,
        "change_message": "[{\"changed\": {\"fields\": [\"\\u041f\\u0440\\u0430\\u043a\\u0442\\u0438\\u043a\\u0443\\u0435\\u043c\\u044b\\u0435 \\u043c\\u0435\\u0442\\u043e\\u0434\\u0438\\u043a\\u0438\"]}}]"
    }
},
{
    "model": "admin.logentry",
    "pk": 48,
    "fields": {
        "action_time": "2026-05-31T02:34:41.833Z",
        "user": [
            "super"
        ],
        "content_type": [
            "clinic",
            "doctor"
        ],
        "object_id": "3",
        "object_repr": "Мерзлов Владимир Васильевич",
        "action_flag": 2,
        "change_message": "[{\"changed\": {\"fields\": [\"\\u041f\\u0440\\u0430\\u043a\\u0442\\u0438\\u043a\\u0443\\u0435\\u043c\\u044b\\u0435 \\u043c\\u0435\\u0442\\u043e\\u0434\\u0438\\u043a\\u0438\"]}}]"
    }
},
{
    "model": "admin.logentry",
    "pk": 49,
    "fields": {
        "action_time": "2026-05-31T02:34:58.907Z",
        "user": [
            "super"
        ],
        "content_type": [
            "clinic",
            "doctor"
        ],
        "object_id": "4",
        "object_repr": "Белов Игорь Александрович",
        "action_flag": 2,
        "change_message": "[{\"changed\": {\"fields\": [\"\\u041f\\u0440\\u0430\\u043a\\u0442\\u0438\\u043a\\u0443\\u0435\\u043c\\u044b\\u0435 \\u043c\\u0435\\u0442\\u043e\\u0434\\u0438\\u043a\\u0438\"]}}]"
    }
},
{
    "model": "admin.logentry",
    "pk": 50,
    "fields": {
        "action_time": "2026-05-31T02:35:04.099Z",
        "user": [
            "super"
        ],
        "content_type": [
            "clinic",
            "doctor"
        ],
        "object_id": "4",
        "object_repr": "Белов Игорь Александрович",
        "action_flag": 2,
        "change_message": "[]"
    }
},
{
    "model": "admin.logentry",
    "pk": 51,
    "fields": {
        "action_time": "2026-05-31T02:35:24.010Z",
        "user": [
            "super"
        ],
        "content_type": [
            "clinic",
            "doctor"
        ],
        "object_id": "5",
        "object_repr": "Калилова Роза Ниязбековна",
        "action_flag": 2,
        "change_message": "[{\"changed\": {\"fields\": [\"\\u041f\\u0440\\u0430\\u043a\\u0442\\u0438\\u043a\\u0443\\u0435\\u043c\\u044b\\u0435 \\u043c\\u0435\\u0442\\u043e\\u0434\\u0438\\u043a\\u0438\"]}}]"
    }
},
{
    "model": "admin.logentry",
    "pk": 52,
    "fields": {
        "action_time": "2026-05-31T02:35:32.840Z",
        "user": [
            "super"
        ],
        "content_type": [
            "clinic",
            "doctor"
        ],
        "object_id": "6",
        "object_repr": "Колбина Татьяна Владимировна",
        "action_flag": 2,
        "change_message": "[{\"changed\": {\"fields\": [\"\\u041f\\u0440\\u0430\\u043a\\u0442\\u0438\\u043a\\u0443\\u0435\\u043c\\u044b\\u0435 \\u043c\\u0435\\u0442\\u043e\\u0434\\u0438\\u043a\\u0438\"]}}]"
    }
},
{
    "model": "admin.logentry",
    "pk": 53,
    "fields": {
        "action_time": "2026-05-31T02:35:54.274Z",
        "user": [
            "super"
        ],
        "content_type": [
            "clinic",
            "doctor"
        ],
        "object_id": "7",
        "object_repr": "Корчма Лидия Ивановна",
        "action_flag": 2,
        "change_message": "[{\"changed\": {\"fields\": [\"\\u041f\\u0440\\u0430\\u043a\\u0442\\u0438\\u043a\\u0443\\u0435\\u043c\\u044b\\u0435 \\u043c\\u0435\\u0442\\u043e\\u0434\\u0438\\u043a\\u0438\"]}}]"
    }
},
{
    "model": "admin.logentry",
    "pk": 54,
    "fields": {
        "action_time": "2026-05-31T08:00:00.956Z",
        "user": [
            "super"
        ],
        "content_type": [
            "clinic",
            "medicalmethod"
        ],
        "object_id": "9",
        "object_repr": "Юмейхо",
        "action_flag": 1,
        "change_message": "[{\"added\": {}}]"
    }
},
{
    "model": "admin.logentry",
    "pk": 55,
    "fields": {
        "action_time": "2026-05-31T09:20:01.033Z",
        "user": [
            "super"
        ],
        "content_type": [
            "clinic",
            "doctor"
        ],
        "object_id": "1",
        "object_repr": "Огулов Александр Тимофеевич",
        "action_flag": 2,
        "change_message": "[{\"changed\": {\"fields\": [\"\\u0424\\u043e\\u0442\\u043e\\u0433\\u0440\\u0430\\u0444\\u0438\\u044f\"]}}]"
    }
},
{
    "model": "admin.logentry",
    "pk": 56,
    "fields": {
        "action_time": "2026-05-31T09:20:22.888Z",
        "user": [
            "super"
        ],
        "content_type": [
            "clinic",
            "doctor"
        ],
        "object_id": "2",
        "object_repr": "Смирнов Константин Анатольевич",
        "action_flag": 2,
        "change_message": "[{\"changed\": {\"fields\": [\"\\u041f\\u0440\\u0430\\u043a\\u0442\\u0438\\u043a\\u0443\\u0435\\u043c\\u044b\\u0435 \\u043c\\u0435\\u0442\\u043e\\u0434\\u0438\\u043a\\u0438\"]}}]"
    }
},
{
    "model": "admin.logentry",
    "pk": 57,
    "fields": {
        "action_time": "2026-05-31T20:12:14.620Z",
        "user": [
            "super"
        ],
        "content_type": [
            "clinic",
            "doctor"
        ],
        "object_id": "1",
        "object_repr": "Огулов Александр Тимофеевич",
        "action_flag": 2,
        "change_message": "[{\"changed\": {\"fields\": [\"\\u0424\\u043e\\u0442\\u043e\\u0433\\u0440\\u0430\\u0444\\u0438\\u044f\"]}}]"
    }
},
{
    "model": "admin.logentry",
    "pk": 58,
    "fields": {
        "action_time": "2026-05-31T20:44:59.741Z",
        "user": [
            "super"
        ],
        "content_type": [
            "clinic",
            "doctor"
        ],
        "object_id": "1",
        "object_repr": "Огулов Александр Тимофеевич",
        "action_flag": 2,
        "change_message": "[{\"changed\": {\"fields\": [\"\\u041f\\u0440\\u0430\\u043a\\u0442\\u0438\\u043a\\u0443\\u0435\\u043c\\u044b\\u0435 \\u043c\\u0435\\u0442\\u043e\\u0434\\u0438\\u043a\\u0438\"]}}, {\"added\": {\"name\": \"\\u0424\\u043e\\u0442\\u043e\\u0433\\u0440\\u0430\\u0444\\u0438\\u044f \\u0433\\u0430\\u043b\\u0435\\u0440\\u0435\\u0438 \\u0432\\u0440\\u0430\\u0447\\u0430\", \"object\": \"\\u0424\\u043e\\u0442\\u043e \\u0434\\u043b\\u044f \\u0432\\u0440\\u0430\\u0447\\u0430: \\u041e\\u0433\\u0443\\u043b\\u043e\\u0432 \\u0410\\u043b\\u0435\\u043a\\u0441\\u0430\\u043d\\u0434\\u0440 \\u0422\\u0438\\u043c\\u043e\\u0444\\u0435\\u0435\\u0432\\u0438\\u0447\"}}]"
    }
},
{
    "model": "admin.logentry",
    "pk": 59,
    "fields": {
        "action_time": "2026-05-31T22:24:02.353Z",
        "user": [
            "super"
        ],
        "content_type": [
            "clinic",
            "clinicaward"
        ],
        "object_id": "1",
        "object_repr": "[Диплом] 1",
        "action_flag": 1,
        "change_message": "[{\"added\": {}}]"
    }
},
{
    "model": "admin.logentry",
    "pk": 60,
    "fields": {
        "action_time": "2026-05-31T22:24:11.908Z",
        "user": [
            "super"
        ],
        "content_type": [
            "clinic",
            "clinicaward"
        ],
        "object_id": "2",
        "object_repr": "[Диплом] 2",
        "action_flag": 1,
        "change_message": "[{\"added\": {}}]"
    }
},
{
    "model": "admin.logentry",
    "pk": 61,
    "fields": {
        "action_time": "2026-05-31T22:24:21.810Z",
        "user": [
            "super"
        ],
        "content_type": [
            "clinic",
            "clinicaward"
        ],
        "object_id": "3",
        "object_repr": "[Диплом] 3",
        "action_flag": 1,
        "change_message": "[{\"added\": {}}]"
    }
},
{
    "model": "admin.logentry",
    "pk": 62,
    "fields": {
        "action_time": "2026-05-31T22:24:36.754Z",
        "user": [
            "super"
        ],
        "content_type": [
            "clinic",
            "clinicaward"
        ],
        "object_id": "4",
        "object_repr": "[Диплом] 4",
        "action_flag": 1,
        "change_message": "[{\"added\": {}}]"
    }
},
{
    "model": "admin.logentry",
    "pk": 63,
    "fields": {
        "action_time": "2026-05-31T22:24:52.275Z",
        "user": [
            "super"
        ],
        "content_type": [
            "clinic",
            "clinicaward"
        ],
        "object_id": "5",
        "object_repr": "[Благодарность] 1",
        "action_flag": 1,
        "change_message": "[{\"added\": {}}]"
    }
},
{
    "model": "admin.logentry",
    "pk": 64,
    "fields": {
        "action_time": "2026-05-31T22:25:01.009Z",
        "user": [
            "super"
        ],
        "content_type": [
            "clinic",
            "clinicaward"
        ],
        "object_id": "6",
        "object_repr": "[Диплом] 5",
        "action_flag": 1,
        "change_message": "[{\"added\": {}}]"
    }
},
{
    "model": "admin.logentry",
    "pk": 65,
    "fields": {
        "action_time": "2026-05-31T22:25:09.969Z",
        "user": [
            "super"
        ],
        "content_type": [
            "clinic",
            "clinicaward"
        ],
        "object_id": "7",
        "object_repr": "[Диплом] 6",
        "action_flag": 1,
        "change_message": "[{\"added\": {}}]"
    }
},
{
    "model": "admin.logentry",
    "pk": 66,
    "fields": {
        "action_time": "2026-05-31T22:25:22.306Z",
        "user": [
            "super"
        ],
        "content_type": [
            "clinic",
            "clinicaward"
        ],
        "object_id": "8",
        "object_repr": "[Благодарность] 2",
        "action_flag": 1,
        "change_message": "[{\"added\": {}}]"
    }
},
{
    "model": "admin.logentry",
    "pk": 67,
    "fields": {
        "action_time": "2026-05-31T22:25:36.855Z",
        "user": [
            "super"
        ],
        "content_type": [
            "clinic",
            "clinicaward"
        ],
        "object_id": "9",
        "object_repr": "[Благодарность] 3",
        "action_flag": 1,
        "change_message": "[{\"added\": {}}]"
    }
},
{
    "model": "admin.logentry",
    "pk": 68,
    "fields": {
        "action_time": "2026-05-31T22:25:54.160Z",
        "user": [
            "super"
        ],
        "content_type": [
            "clinic",
            "clinicaward"
        ],
        "object_id": "10",
        "object_repr": "[Диплом] 4",
        "action_flag": 1,
        "change_message": "[{\"added\": {}}]"
    }
},
{
    "model": "admin.logentry",
    "pk": 69,
    "fields": {
        "action_time": "2026-05-31T22:26:04.763Z",
        "user": [
            "super"
        ],
        "content_type": [
            "clinic",
            "clinicaward"
        ],
        "object_id": "11",
        "object_repr": "[Благодарность] 5",
        "action_flag": 1,
        "change_message": "[{\"added\": {}}]"
    }
},
{
    "model": "admin.logentry",
    "pk": 70,
    "fields": {
        "action_time": "2026-05-31T22:26:14.229Z",
        "user": [
            "super"
        ],
        "content_type": [
            "clinic",
            "clinicaward"
        ],
        "object_id": "12",
        "object_repr": "[Благодарность] 6",
        "action_flag": 1,
        "change_message": "[{\"added\": {}}]"
    }
},
{
    "model": "admin.logentry",
    "pk": 71,
    "fields": {
        "action_time": "2026-05-31T22:26:25.723Z",
        "user": [
            "super"
        ],
        "content_type": [
            "clinic",
            "clinicaward"
        ],
        "object_id": "13",
        "object_repr": "[Благодарность] 7",
        "action_flag": 1,
        "change_message": "[{\"added\": {}}]"
    }
},
{
    "model": "admin.logentry",
    "pk": 72,
    "fields": {
        "action_time": "2026-05-31T22:26:36.496Z",
        "user": [
            "super"
        ],
        "content_type": [
            "clinic",
            "clinicaward"
        ],
        "object_id": "14",
        "object_repr": "[Благодарность] 8",
        "action_flag": 1,
        "change_message": "[{\"added\": {}}]"
    }
},
{
    "model": "admin.logentry",
    "pk": 73,
    "fields": {
        "action_time": "2026-05-31T22:26:47.294Z",
        "user": [
            "super"
        ],
        "content_type": [
            "clinic",
            "clinicaward"
        ],
        "object_id": "15",
        "object_repr": "[Диплом] 9",
        "action_flag": 1,
        "change_message": "[{\"added\": {}}]"
    }
},
{
    "model": "admin.logentry",
    "pk": 74,
    "fields": {
        "action_time": "2026-05-31T22:26:57.231Z",
        "user": [
            "super"
        ],
        "content_type": [
            "clinic",
            "clinicaward"
        ],
        "object_id": "16",
        "object_repr": "[Диплом] 10",
        "action_flag": 1,
        "change_message": "[{\"added\": {}}]"
    }
},
{
    "model": "admin.logentry",
    "pk": 75,
    "fields": {
        "action_time": "2026-05-31T22:27:06.219Z",
        "user": [
            "super"
        ],
        "content_type": [
            "clinic",
            "clinicaward"
        ],
        "object_id": "17",
        "object_repr": "[Диплом] 11",
        "action_flag": 1,
        "change_message": "[{\"added\": {}}]"
    }
},
{
    "model": "admin.logentry",
    "pk": 76,
    "fields": {
        "action_time": "2026-05-31T22:27:13.453Z",
        "user": [
            "super"
        ],
        "content_type": [
            "clinic",
            "clinicaward"
        ],
        "object_id": "18",
        "object_repr": "[Диплом] 12",
        "action_flag": 1,
        "change_message": "[{\"added\": {}}]"
    }
},
{
    "model": "admin.logentry",
    "pk": 77,
    "fields": {
        "action_time": "2026-05-31T22:48:36.984Z",
        "user": [
            "super"
        ],
        "content_type": [
            "clinic",
            "clinicaward"
        ],
        "object_id": "19",
        "object_repr": "[Диплом] 13",
        "action_flag": 1,
        "change_message": "[{\"added\": {}}]"
    }
},
{
    "model": "admin.logentry",
    "pk": 78,
    "fields": {
        "action_time": "2026-05-31T22:48:46.842Z",
        "user": [
            "super"
        ],
        "content_type": [
            "clinic",
            "clinicaward"
        ],
        "object_id": "20",
        "object_repr": "[Диплом] 9",
        "action_flag": 1,
        "change_message": "[{\"added\": {}}]"
    }
},
{
    "model": "admin.logentry",
    "pk": 79,
    "fields": {
        "action_time": "2026-05-31T22:49:22.846Z",
        "user": [
            "super"
        ],
        "content_type": [
            "clinic",
            "clinicaward"
        ],
        "object_id": "19",
        "object_repr": "[Диплом] 13",
        "action_flag": 3,
        "change_message": ""
    }
},
{
    "model": "admin.logentry",
    "pk": 80,
    "fields": {
        "action_time": "2026-05-31T22:50:38.757Z",
        "user": [
            "super"
        ],
        "content_type": [
            "clinic",
            "clinicaward"
        ],
        "object_id": "20",
        "object_repr": "[Сертификаты] 9",
        "action_flag": 2,
        "change_message": "[{\"changed\": {\"fields\": [\"\\u0422\\u0438\\u043f \\u0434\\u043e\\u043a\\u0443\\u043c\\u0435\\u043d\\u0442\\u0430\"]}}]"
    }
},
{
    "model": "admin.logentry",
    "pk": 81,
    "fields": {
        "action_time": "2026-05-31T22:52:16.027Z",
        "user": [
            "super"
        ],
        "content_type": [
            "clinic",
            "clinicaward"
        ],
        "object_id": "21",
        "object_repr": "[Диплом] 111",
        "action_flag": 1,
        "change_message": "[{\"added\": {}}]"
    }
},
{
    "model": "admin.logentry",
    "pk": 82,
    "fields": {
        "action_time": "2026-05-31T23:51:38.676Z",
        "user": [
            "super"
        ],
        "content_type": [
            "clinic",
            "clinicgallery"
        ],
        "object_id": "1",
        "object_repr": "general",
        "action_flag": 1,
        "change_message": "[{\"added\": {}}]"
    }
},
{
    "model": "admin.logentry",
    "pk": 83,
    "fields": {
        "action_time": "2026-05-31T23:51:57.184Z",
        "user": [
            "super"
        ],
        "content_type": [
            "clinic",
            "clinicgallery"
        ],
        "object_id": "2",
        "object_repr": "slid",
        "action_flag": 1,
        "change_message": "[{\"added\": {}}]"
    }
},
{
    "model": "admin.logentry",
    "pk": 84,
    "fields": {
        "action_time": "2026-05-31T23:52:09.632Z",
        "user": [
            "super"
        ],
        "content_type": [
            "clinic",
            "clinicgallery"
        ],
        "object_id": "3",
        "object_repr": "slid1",
        "action_flag": 1,
        "change_message": "[{\"added\": {}}]"
    }
},
{
    "model": "admin.logentry",
    "pk": 85,
    "fields": {
        "action_time": "2026-05-31T23:52:25.429Z",
        "user": [
            "super"
        ],
        "content_type": [
            "clinic",
            "clinicgallery"
        ],
        "object_id": "4",
        "object_repr": "slid2",
        "action_flag": 1,
        "change_message": "[{\"added\": {}}]"
    }
},
{
    "model": "admin.logentry",
    "pk": 86,
    "fields": {
        "action_time": "2026-05-31T23:52:45.596Z",
        "user": [
            "super"
        ],
        "content_type": [
            "clinic",
            "clinicgallery"
        ],
        "object_id": "5",
        "object_repr": "slid3",
        "action_flag": 1,
        "change_message": "[{\"added\": {}}]"
    }
},
{
    "model": "admin.logentry",
    "pk": 87,
    "fields": {
        "action_time": "2026-06-01T00:04:02.116Z",
        "user": [
            "super"
        ],
        "content_type": [
            "clinic",
            "clinicgallery"
        ],
        "object_id": "1",
        "object_repr": "general",
        "action_flag": 3,
        "change_message": ""
    }
},
{
    "model": "admin.logentry",
    "pk": 88,
    "fields": {
        "action_time": "2026-06-01T03:13:05.991Z",
        "user": [
            "super"
        ],
        "content_type": [
            "clinic",
            "clinicgallery"
        ],
        "object_id": "6",
        "object_repr": "Фото центра #6",
        "action_flag": 1,
        "change_message": "[{\"added\": {}}]"
    }
},
{
    "model": "admin.logentry",
    "pk": 89,
    "fields": {
        "action_time": "2026-06-01T11:16:30.828Z",
        "user": [
            "super"
        ],
        "content_type": [
            "clinic",
            "bannerslide"
        ],
        "object_id": "1",
        "object_repr": "Новый Интернет-Магазин",
        "action_flag": 1,
        "change_message": "[{\"added\": {}}]"
    }
},
{
    "model": "admin.logentry",
    "pk": 90,
    "fields": {
        "action_time": "2026-06-01T11:18:21.681Z",
        "user": [
            "super"
        ],
        "content_type": [
            "clinic",
            "bannerslide"
        ],
        "object_id": "2",
        "object_repr": "Подписывайтесь на наш новый Youtube канал и социальные сети",
        "action_flag": 1,
        "change_message": "[{\"added\": {}}]"
    }
},
{
    "model": "admin.logentry",
    "pk": 91,
    "fields": {
        "action_time": "2026-06-01T11:18:44.081Z",
        "user": [
            "super"
        ],
        "content_type": [
            "clinic",
            "bannerslide"
        ],
        "object_id": "1",
        "object_repr": "Новый Интернет-Магазин",
        "action_flag": 2,
        "change_message": "[{\"changed\": {\"fields\": [\"\\u041d\\u0430\\u0434\\u0437\\u0430\\u0433\\u043e\\u043b\\u043e\\u0432\\u043e\\u043a (\\u043f\\u043e\\u0434\\u0437\\u0430\\u0433\\u043e\\u043b\\u043e\\u0432\\u043e\\u043a)\", \"\\u041e\\u043f\\u0438\\u0441\\u0430\\u043d\\u0438\\u0435 / \\u0422\\u0435\\u043a\\u0441\\u0442 \\u0441\\u043b\\u0430\\u0439\\u0434\\u0430\"]}}]"
    }
},
{
    "model": "admin.logentry",
    "pk": 92,
    "fields": {
        "action_time": "2026-06-01T15:29:50.994Z",
        "user": [
            "super"
        ],
        "content_type": [
            "clinic",
            "bannerslide"
        ],
        "object_id": "1",
        "object_repr": "Новый Интернет-Магазин",
        "action_flag": 2,
        "change_message": "[{\"changed\": {\"fields\": [\"\\u0421\\u0441\\u044b\\u043b\\u043a\\u0430 \\u0434\\u043b\\u044f \\u043a\\u043d\\u043e\\u043f\\u043a\\u0438\"]}}]"
    }
},
{
    "model": "admin.logentry",
    "pk": 93,
    "fields": {
        "action_time": "2026-06-02T04:21:26.577Z",
        "user": [
            "super"
        ],
        "content_type": [
            "clinic",
            "clinicgallery"
        ],
        "object_id": "7",
        "object_repr": "Фото центра #7",
        "action_flag": 1,
        "change_message": "[{\"added\": {}}]"
    }
},
{
    "model": "admin.logentry",
    "pk": 94,
    "fields": {
        "action_time": "2026-06-02T04:21:34.334Z",
        "user": [
            "super"
        ],
        "content_type": [
            "clinic",
            "clinicgallery"
        ],
        "object_id": "8",
        "object_repr": "Фото центра #8",
        "action_flag": 1,
        "change_message": "[{\"added\": {}}]"
    }
},
{
    "model": "admin.logentry",
    "pk": 95,
    "fields": {
        "action_time": "2026-06-02T04:21:40.991Z",
        "user": [
            "super"
        ],
        "content_type": [
            "clinic",
            "clinicgallery"
        ],
        "object_id": "9",
        "object_repr": "Фото центра #9",
        "action_flag": 1,
        "change_message": "[{\"added\": {}}]"
    }
},
{
    "model": "admin.logentry",
    "pk": 96,
    "fields": {
        "action_time": "2026-06-02T04:27:03.322Z",
        "user": [
            "super"
        ],
        "content_type": [
            "clinic",
            "clinicgallery"
        ],
        "object_id": "7",
        "object_repr": "Фото центра #7",
        "action_flag": 3,
        "change_message": ""
    }
},
{
    "model": "admin.logentry",
    "pk": 97,
    "fields": {
        "action_time": "2026-06-02T06:59:05.867Z",
        "user": [
            "super"
        ],
        "content_type": [
            "clinic",
            "doctor"
        ],
        "object_id": "1",
        "object_repr": "Огулов Александр Тимофеевич",
        "action_flag": 2,
        "change_message": "[{\"changed\": {\"fields\": [\"ID \\u0432\\u0438\\u0434\\u0435\\u043e YouTube\"]}}]"
    }
},
{
    "model": "admin.logentry",
    "pk": 98,
    "fields": {
        "action_time": "2026-06-02T11:52:15.284Z",
        "user": [
            "super"
        ],
        "content_type": [
            "clinic",
            "clinicabout"
        ],
        "object_id": "1",
        "object_repr": "О клинике (Обновлено: 02.06.2026)",
        "action_flag": 1,
        "change_message": "[{\"added\": {}}]"
    }
},
{
    "model": "admin.logentry",
    "pk": 99,
    "fields": {
        "action_time": "2026-06-02T11:53:07.289Z",
        "user": [
            "super"
        ],
        "content_type": [
            "clinic",
            "clinicabout"
        ],
        "object_id": "1",
        "object_repr": "О клинике (Обновлено: 02.06.2026)",
        "action_flag": 2,
        "change_message": "[{\"added\": {\"name\": \"clinic gallery image\", \"object\": \"ClinicGalleryImage object (1)\"}}, {\"added\": {\"name\": \"clinic gallery image\", \"object\": \"ClinicGalleryImage object (2)\"}}, {\"added\": {\"name\": \"clinic gallery image\", \"object\": \"ClinicGalleryImage object (3)\"}}, {\"added\": {\"name\": \"clinic gallery image\", \"object\": \"ClinicGalleryImage object (4)\"}}, {\"added\": {\"name\": \"clinic gallery image\", \"object\": \"ClinicGalleryImage object (5)\"}}]"
    }
},
{
    "model": "admin.logentry",
    "pk": 100,
    "fields": {
        "action_time": "2026-06-02T17:16:03.884Z",
        "user": [
            "super"
        ],
        "content_type": [
            "clinic",
            "doctor"
        ],
        "object_id": "1",
        "object_repr": "Огулов Александр Тимофеевич",
        "action_flag": 2,
        "change_message": "[{\"changed\": {\"fields\": [\"ID \\u0432\\u0438\\u0434\\u0435\\u043e YouTube\"]}}]"
    }
},
{
    "model": "admin.logentry",
    "pk": 101,
    "fields": {
        "action_time": "2026-06-03T04:25:57.333Z",
        "user": [
            "super"
        ],
        "content_type": [
            "clinic",
            "clinicgallery"
        ],
        "object_id": "6",
        "object_repr": "Фото центра #6",
        "action_flag": 3,
        "change_message": ""
    }
},
{
    "model": "admin.logentry",
    "pk": 102,
    "fields": {
        "action_time": "2026-06-03T06:18:54.527Z",
        "user": [
            "super"
        ],
        "content_type": [
            "clinic",
            "clinicabout"
        ],
        "object_id": "1",
        "object_repr": "О клинике (Обновлено: 03.06.2026)",
        "action_flag": 2,
        "change_message": "[{\"changed\": {\"fields\": [\"Video url\"]}}]"
    }
}
]
